frequency_hz,after_raw_peak_mean_mv,after_raw_peak_std_mv,after_required_gain,after_measured_peak_mean_mv,after_measured_peak_error_mv,after_measured_vpp_mean_mv,after_measured_vpp_error_mv,after_measured_rms_mean_mv,after_measured_rms_error_mv,after_frequency_error_mean_hz,after_frequency_error_max_abs_hz,after_adc_overrun_max,before_raw_peak_mean_mv,before_raw_peak_std_mv,before_required_gain,before_measured_peak_mean_mv,before_measured_peak_error_mv,before_measured_vpp_mean_mv,before_measured_vpp_error_mv,before_measured_rms_mean_mv,before_measured_rms_error_mv,before_frequency_error_mean_hz,before_frequency_error_max_abs_hz,before_adc_overrun_max
10000,97.73945166666665,0.13930114274596744,1.0231283099586315,100.06666666666666,0.06666666666666288,200.1,0.09999999999999432,70.76666666666667,0.05598854801192488,0.0,0.0,0,97.61901366666666,0.034998746696609004,1.0243906001904868,99.09999999999998,-0.9000000000000199,198.13333333333333,-1.8666666666666742,70.03333333333333,-0.6773447853214094,0.3333333333333333,1.0,0
10500,97.71536400000001,0.044704567898590494,1.0233805197716912,99.96666666666665,-0.03333333333334565,199.9333333333333,-0.0666666666666913,70.7,-0.010678118654738,0.0,0.0,0,97.71804033333332,0.07285529692708141,1.0233524910946077,99.09999999999998,-0.9000000000000199,198.19999999999996,-1.8000000000000398,70.1,-0.6106781186547465,0.3333333333333333,1.0,0
11000,97.75818633333334,0.012264500084937357,1.022932234636827,100.0,0.0,200.1,0.09999999999999432,70.7,-0.010678118654738,0.0,0.0,0,97.73677533333334,0.02020640337451183,1.0231563263566645,99.09999999999998,-0.9000000000000199,198.23333333333335,-1.7666666666666515,70.1,-0.6106781186547465,0.3333333333333333,1.0,0
11500,97.72071666666666,0.0046355453113279006,1.023324463952799,100.0,0.0,200.0,0.0,70.7,-0.010678118654738,0.3333333333333333,1.0,0,97.73142233333333,0.04248660844705445,1.0232123672459121,99.13333333333333,-0.8666666666666742,198.30000000000004,-1.6999999999999602,70.1,-0.6106781186547465,0.0,0.0,0
12000,97.73409866666667,0.02581019431025786,1.0231843477787772,100.03333333333335,0.03333333333334565,200.03333333333333,0.03333333333333144,70.7,-0.010678118654738,0.3333333333333333,1.0,0,97.74480433333333,0.024529436608559836,1.0230722817652373,99.16666666666667,-0.8333333333333286,198.33333333333334,-1.6666666666666572,70.1,-0.6106781186547465,0.0,0.0,0
12500,97.72071666666666,0.012264500084931155,1.023324463952799,100.0,0.0,200.0666666666667,0.0666666666666913,70.7,-0.010678118654738,0.0,0.0,0,97.71804033333332,0.036205764214190854,1.0233524910946077,99.2,-0.7999999999999972,198.30000000000004,-1.6999999999999602,70.1,-0.6106781186547465,0.0,0.0,0
13000,97.72339299999999,0.028949941917035617,1.023296438346139,100.0,0.0,200.03333333333333,0.03333333333333144,70.7,-0.010678118654738,0.0,0.0,0,97.70465866666666,0.0404127405199556,1.0234926498352983,99.2,-0.7999999999999972,198.36666666666667,-1.6333333333333258,70.1,-0.6106781186547465,0.0,0.0,0
13500,97.73677500000001,0.02452954571532071,1.0231563298461608,100.09999999999998,0.0999999999999801,200.1,0.09999999999999432,70.76666666666667,0.05598854801192488,0.0,0.0,0,97.734099,0.023178303906882622,1.02318434428909,99.2,-0.7999999999999972,198.36666666666667,-1.6333333333333258,70.1,-0.6106781186547465,0.0,0.0,0
14000,97.71804033333332,0.04120260231263639,1.0233524910946077,100.0,0.0,200.0,0.0,70.7,-0.010678118654738,0.0,0.0,0,97.701982,0.02020633714952115,1.023520689682631,99.2,-0.7999999999999972,198.4,-1.5999999999999943,70.1,-0.6106781186547465,0.0,0.0,0
14500,97.72339333333333,0.028949525891337913,1.0232964348556868,100.0,0.0,200.0666666666667,0.0666666666666913,70.7,-0.010678118654738,0.0,0.0,0,97.71001133333334,0.009271090622639392,1.0234365817321878,99.2,-0.7999999999999972,198.4,-1.5999999999999943,70.1,-0.6106781186547465,0.0,0.0,0
15000,97.72606966666666,0.012265045631117508,1.023268410784241,100.03333333333335,0.03333333333334565,200.1,0.09999999999999432,70.7,-0.010678118654738,0.0,0.0,0,97.71001100000001,0.016714256758825683,1.0234365852235958,99.2,-0.7999999999999972,198.4,-1.5999999999999943,70.1,-0.6106781186547465,0.0,0.0,0
15500,97.67789433333333,0.0362057642141835,1.023773093006513,100.0,0.0,200.0666666666667,0.0666666666666913,70.7,-0.010678118654738,0.0,0.0,0,97.69662933333332,0.012265045631119059,1.0235767670019378,99.2,-0.7999999999999972,198.4,-1.5999999999999943,70.16666666666667,-0.5440114519880694,0.0,0.0,0
16000,97.68592333333333,0.009271090622647598,1.023688947063236,100.0,0.0,200.0,0.0,70.7,-0.010678118654738,0.0,0.0,0,97.6886,0.05224142831125824,1.0236608979962862,99.2,-0.7999999999999972,198.4,-1.5999999999999943,70.2,-0.510678118654738,0.0,0.0,0
16500,97.70465833333333,0.016714096635274574,1.023492653327089,100.0,0.0,200.1,0.09999999999999432,70.7,-0.010678118654738,0.0,0.0,0,97.69395266666668,0.012265045631117508,1.0236048114585106,99.2,-0.7999999999999972,198.46666666666667,-1.5333333333333314,70.2,-0.510678118654738,0.0,0.0,0
17000,97.69662899999999,0.02452954571532071,1.0235767704943024,100.03333333333335,0.03333333333334565,200.1,0.09999999999999432,70.73333333333333,0.02265521467859344,0.0,0.0,0,97.69930566666666,0.016058500002594435,1.0235487275742052,99.2,-0.7999999999999972,198.5,-1.5,70.2,-0.510678118654738,0.0,0.0,0
17500,97.68324733333333,0.02124330422352991,1.0237169906807153,100.0,0.0,200.0666666666667,0.0666666666666913,70.7,-0.010678118654738,0.0,0.0,0,97.69395266666668,0.03620528372120758,1.0236048114585106,99.2,-0.7999999999999972,198.5,-1.5,70.2,-0.510678118654738,0.0,0.0,0
18000,97.67521833333335,0.021243304223532596,1.0238011412345447,100.0,0.0,200.1,0.09999999999999432,70.7,-0.010678118654738,0.0,0.0,0,97.67254133333334,0.02020640337451183,1.0238292014817512,99.2,-0.7999999999999972,198.5,-1.5,70.2,-0.510678118654738,0.0,0.0,0
18500,97.65915933333333,0.02124330422352454,1.0239694943377182,100.0,0.0,200.03333333333333,0.03333333333333144,70.7,-0.010678118654738,0.0,0.0,0,97.67789433333333,0.004635545311319696,1.023773093006513,99.26666666666667,-0.7333333333333343,198.5,-1.5,70.2,-0.510678118654738,0.0,0.0,0
19000,97.65113033333334,0.013907213284235026,1.0240536864104774,100.0,0.0,200.0,0.0,70.7,-0.010678118654738,0.0,0.0,0,97.66718866666668,0.01390721328424323,1.0238853126129708,99.3,-0.7000000000000028,198.5,-1.5,70.2,-0.510678118654738,0.0,0.0,0
19500,97.656483,0.02452954571532071,1.0239975568237494,100.0,0.0,200.03333333333333,0.03333333333333144,70.7,-0.010678118654738,0.0,0.0,0,97.68057066666665,0.012264500084937357,1.0237450428217538,99.3,-0.7000000000000028,198.5,-1.5,70.2,-0.510678118654738,0.0,0.0,0
20000,97.68592366666667,0.01671409663528254,1.0236889435701058,100.03333333333335,0.03333333333334565,200.1,0.09999999999999432,70.73333333333333,0.02265521467859344,0.0,0.0,0,97.63774866666667,0.02020640337450524,1.024194037302089,99.3,-0.7000000000000028,198.5,-1.5,70.2,-0.510678118654738,0.0,0.0,0
20500,97.64042466666666,0.01854218124528699,1.0241659675425283,100.0,0.0,200.0,0.0,70.7,-0.010678118654738,0.0,0.0,0,97.66183633333333,0.004635545311319696,1.0239414264000342,99.3,-0.7000000000000028,198.5,-1.5,70.2,-0.510678118654738,0.0,0.0,0
21000,97.65380699999999,0.02452954571532071,1.024025617352532,100.03333333333335,0.03333333333334565,200.1,0.09999999999999432,70.7,-0.010678118654738,0.0,0.0,0,97.656483,0.01671425675882796,1.0239975568237494,99.3,-0.7000000000000028,198.6,-1.4000000000000057,70.2,-0.510678118654738,0.0,0.0,0
21500,97.65915933333333,0.01390721328424323,1.0239694943377182,100.0,0.0,200.1,0.09999999999999432,70.7,-0.010678118654738,0.0,0.0,0,97.63239566666668,0.012264500084929604,1.0242501919282685,99.3,-0.7000000000000028,198.6,-1.4000000000000057,70.2,-0.510678118654738,0.0,0.0,0
22000,97.62971933333334,0.004635545311319696,1.024278269801984,100.0,0.0,200.0,0.0,70.7,-0.010678118654738,0.0,0.0,0,97.64310133333333,0.01390721328424323,1.0241378923291335,99.3,-0.7000000000000028,198.6,-1.4000000000000057,70.2,-0.510678118654738,0.0,0.0,0
22500,97.643101,0.0,1.0241378958253282,100.0,0.0,200.0666666666667,0.0666666666666913,70.7,-0.010678118654738,0.0,0.0,0,97.64042466666666,0.0046355453113279006,1.0241659675425283,99.3,-0.7000000000000028,198.6,-1.4000000000000057,70.2,-0.510678118654738,0.0,0.0,0
23000,97.635072,0.013906635933967293,1.024222115593872,100.0,0.0,200.03333333333333,0.03333333333333144,70.7,-0.010678118654738,0.0,0.0,0,97.62971933333334,0.01854218124528699,1.024278269801984,99.3,-0.7000000000000028,198.6,-1.4000000000000057,70.2,-0.510678118654738,0.0,0.0,0
23500,97.63774833333332,0.0046355453113279006,1.0241940407986674,100.0,0.0,200.1,0.09999999999999432,70.7,-0.010678118654738,0.0,0.0,0,97.64042466666666,0.01854218124528699,1.0241659675425283,99.3,-0.7000000000000028,198.66666666666666,-1.3333333333333428,70.2,-0.510678118654738,0.0,0.0,0
24000,97.645778,0.023178303906882622,1.0241098186549344,100.06666666666666,0.06666666666666288,200.1,0.09999999999999432,70.73333333333333,0.02265521467859344,0.0,0.0,0,97.61633733333333,0.028197443365198693,1.0244186857628872,99.3,-0.7000000000000028,198.69999999999996,-1.3000000000000398,70.2,-0.510678118654738,0.0,0.0,0
24500,97.63239533333332,0.025810194310260808,1.0242501954252303,100.09999999999998,0.0999999999999801,200.1,0.09999999999999432,70.76666666666667,0.05598854801192488,0.0,0.0,0,97.62169033333333,0.004635545311319696,1.0243625126603098,99.3,-0.7000000000000028,198.69999999999996,-1.3000000000000398,70.2,-0.510678118654738,0.0,0.0,0
25000,97.62704266666667,0.02124330422352991,1.0243063527124903,100.03333333333335,0.03333333333334565,200.1,0.09999999999999432,70.7,-0.010678118654738,0.0,0.0,0,97.635072,0.013906635933967293,1.024222115593872,99.3,-0.7000000000000028,198.69999999999996,-1.3000000000000398,70.2,-0.510678118654738,0.0,0.0,0
25500,97.62169,0.04839803463984837,1.0243625161580383,100.0,0.0,200.1,0.09999999999999432,70.7,-0.010678118654738,0.0,0.0,0,97.61633733333333,0.012265045631119059,1.0244186857628872,99.36666666666667,-0.6333333333333258,198.69999999999996,-1.3000000000000398,70.26666666666667,-0.4440114519880751,0.0,0.0,0
26000,97.60563166666667,0.01671409663528254,1.0245310469534212,100.0,0.0,200.1,0.09999999999999432,70.7,-0.010678118654738,0.0,0.0,0,97.62971900000001,0.016714256758825683,1.0242782732991373,99.40000000000002,-0.5999999999999801,198.69999999999996,-1.3000000000000398,70.3,-0.4106781186547437,0.0,0.0,0
26500,97.61098466666665,0.021243304223532596,1.0244748615280508,100.06666666666666,0.06666666666666288,200.1,0.09999999999999432,70.76666666666667,0.05598854801192488,0.0,0.0,0,97.60027866666667,0.009271090622647598,1.0245872385419008,99.40000000000002,-0.5999999999999801,198.69999999999996,-1.3000000000000398,70.3,-0.4106781186547437,0.0,0.0,0
27000,97.62436633333333,0.018542758595562925,1.024334433665415,100.06666666666666,0.06666666666666288,200.1,0.09999999999999432,70.73333333333333,0.02265521467859344,0.0,0.0,0,97.62971933333334,0.012264500084931155,1.024278269801984,99.40000000000002,-0.5999999999999801,198.76666666666665,-1.2333333333333485,70.3,-0.4106781186547437,0.0,0.0,0
27500,97.61098433333332,0.04172106250244555,1.0244748650265465,100.03333333333335,0.03333333333334565,200.13333333333333,0.13333333333332575,70.73333333333333,0.02265521467859344,0.0,0.0,0,97.60295533333333,0.01605850000260154,1.0245591402276735,99.40000000000002,-0.5999999999999801,198.80000000000004,-1.1999999999999602,70.3,-0.4106781186547437,0.0,0.0,0
28000,97.60027866666667,0.009271090622647598,1.0245872385419008,100.06666666666666,0.06666666666666288,200.1,0.09999999999999432,70.7,-0.010678118654738,0.0,0.0,0,97.58154400000001,0.01226493652654053,1.0247839488991892,99.40000000000002,-0.5999999999999801,198.80000000000004,-1.1999999999999602,70.3,-0.4106781186547437,0.0,0.0,0
28500,97.61098433333332,0.008029500005195549,1.0244748650265465,100.09999999999998,0.0999999999999801,200.1,0.09999999999999432,70.8,0.08932188134525632,0.0,0.0,0,97.57083833333333,0.016058500002594435,1.0248963902346302,99.40000000000002,-0.5999999999999801,198.80000000000004,-1.1999999999999602,70.3,-0.4106781186547437,0.0,0.0,0
29000,97.58689666666665,0.016058500002594435,1.0247277392330236,100.0,0.0,200.1,0.09999999999999432,70.7,-0.010678118654738,0.0,0.0,0,97.58957333333335,0.009271090622647598,1.0246996332121818,99.40000000000002,-0.5999999999999801,198.80000000000004,-1.1999999999999602,70.3,-0.4106781186547437,0.0,0.0,0
29500,97.56548533333334,0.0362057642141835,1.024952621906703,100.0,0.0,200.0666666666667,0.0666666666666913,70.7,-0.010678118654738,0.0,0.0,0,97.57619133333333,0.02581019431025786,1.0248401647322616,99.40000000000002,-0.5999999999999801,198.80000000000004,-1.1999999999999602,70.3,-0.4106781186547437,0.0,0.0,0
30000,97.58689666666668,0.01390721328424323,1.0247277392330234,100.06666666666666,0.06666666666666288,200.1,0.09999999999999432,70.73333333333333,0.02265521467859344,0.0,0.0,0,97.576191,0.02452954571532071,1.0248401682332529,99.40000000000002,-0.5999999999999801,198.80000000000004,-1.1999999999999602,70.3,-0.4106781186547437,0.0,0.0,0
30500,97.56280933333333,0.021243115245488872,1.024980734803769,100.0,0.0,200.1,0.09999999999999432,70.7,-0.010678118654738,0.3333333333333333,1.0,0,97.58957333333332,0.012264500084931155,1.024699633212182,99.40000000000002,-0.5999999999999801,198.80000000000004,-1.1999999999999602,70.3,-0.4106781186547437,0.0,0.0,0
31000,97.56280933333333,0.01390721328424323,1.024980734803769,100.0,0.0,200.1,0.09999999999999432,70.7,-0.010678118654738,0.0,0.0,0,97.55478,0.008029000000000508,1.0250650967589698,99.40000000000002,-0.5999999999999801,198.80000000000004,-1.1999999999999602,70.3,-0.4106781186547437,0.0,0.0,0
31500,97.56816166666665,0.004635545311319696,1.024924507050174,100.0,0.0,200.1,0.09999999999999432,70.7,-0.010678118654738,0.3333333333333333,1.0,0,97.54407466666667,0.009271090622639392,1.025177596299169,99.40000000000002,-0.5999999999999801,198.86666666666667,-1.1333333333333258,70.3,-0.4106781186547437,0.0,0.0,0
32000,97.57351466666667,0.004636122661595633,1.0248682784628877,100.03333333333335,0.03333333333334565,200.1,0.09999999999999432,70.73333333333333,0.02265521467859344,0.0,0.0,0,97.538722,0.0,1.0252338553297837,99.40000000000002,-0.5999999999999801,198.83333333333334,-1.1666666666666572,70.3,-0.4106781186547437,0.0,0.0,0
32500,97.58422066666667,0.004635545311319696,1.0247558397948915,100.09999999999998,0.0999999999999801,200.13333333333333,0.13333333333332575,70.8,0.08932188134525632,0.0,0.0,0,97.562809,0.028949941917035617,1.0249807383057206,99.40000000000002,-0.5999999999999801,198.9,-1.0999999999999943,70.3,-0.4106781186547437,0.0,0.0,0
33000,97.50928099999999,0.01671425675882796,1.0255434044273182,100.0,0.0,200.0,0.0,70.7,-0.010678118654738,0.0,0.0,0,97.55210333333332,0.0202064033745043,1.0250932228319287,99.5,-0.5,198.9,-1.0999999999999943,70.3,-0.4106781186547437,0.3333333333333333,1.0,0
33500,97.54942733333333,0.009271090622639392,1.0251213434425699,100.06666666666666,0.06666666666666288,200.1,0.09999999999999432,70.7,-0.010678118654738,0.3333333333333333,1.0,0,97.54407433333331,0.03708551719112585,1.0251775998024664,99.5,-0.5,198.9,-1.0999999999999943,70.3,-0.4106781186547437,0.0,0.0,0
34000,97.56280933333333,0.028949525891337913,1.024980734803769,100.03333333333335,0.03333333333334565,200.1,0.09999999999999432,70.7,-0.010678118654738,0.3333333333333333,1.0,0,97.50392833333335,0.03039844799218567,1.0255997036153601,99.46666666666665,-0.5333333333333456,198.9,-1.0999999999999943,70.3,-0.4106781186547437,0.3333333333333333,1.0,0
34500,97.51195766666666,0.016713696309715774,1.0255152536454906,100.0,0.0,200.0666666666667,0.0666666666666913,70.7,-0.010678118654738,0.3333333333333333,1.0,0,97.528016,0.01226493652654053,1.0253463989260276,99.40000000000002,-0.5999999999999801,198.9,-1.0999999999999943,70.3,-0.4106781186547437,0.0,0.0,0
35000,97.541398,0.009271667972915329,1.0252057285461502,100.06666666666666,0.06666666666666288,200.1,0.09999999999999432,70.73333333333333,0.02265521467859344,0.0,0.0,0,97.506605,0.008029000000000508,1.0255715497427071,99.5,-0.5,198.9,-1.0999999999999943,70.3,-0.4106781186547437,0.3333333333333333,1.0,0
35500,97.506605,0.008029000000000508,1.0255715497427071,100.0,0.0,200.03333333333333,0.03333333333333144,70.7,-0.010678118654738,0.0,0.0,0,97.50928099999999,0.02020633714952209,1.0255434044273182,99.5,-0.5,198.9,-1.0999999999999943,70.3,-0.4106781186547437,0.0,0.0,0
36000,97.51195733333333,0.018542758595562925,1.0255152571510957,100.0,0.0,200.1,0.09999999999999432,70.7,-0.010678118654738,0.0,0.0,0,97.514634,0.013906635933975498,1.02548710791449,99.5,-0.5,199.0,-1.0,70.3,-0.4106781186547437,0.0,0.0,0
36500,97.50125200000001,0.020206337149514562,1.0256278555274345,100.0,0.0,200.1,0.09999999999999432,70.7,-0.010678118654738,0.3333333333333333,1.0,0,97.49054633333333,0.016058500002594435,1.025740482139535,99.5,-0.5,198.96666666666667,-1.0333333333333314,70.3,-0.4106781186547437,0.0,0.0,0
37000,97.48519366666666,0.012265045631117508,1.0257968029681745,100.0,0.0,200.0,0.0,70.7,-0.010678118654738,0.3333333333333333,1.0,0,97.50660466666666,0.027813849218210524,1.0255715532486973,99.5,-0.5,199.0,-1.0,70.36666666666667,-0.3440114519880666,0.6666666666666666,1.0,0
37500,97.50125199999998,0.009271667972915329,1.025627855527435,100.0,0.0,200.0666666666667,0.0666666666666913,70.7,-0.010678118654738,0.3333333333333333,1.0,0,97.49857566666667,0.016058500002594435,1.0256560089850475,99.5,-0.5,199.0,-1.0,70.33333333333333,-0.37734478532141225,0.3333333333333333,1.0,0
38000,97.48251733333332,0.02124330422352454,1.0258249657018843,100.0,0.0,200.0,0.0,70.7,-0.010678118654738,0.3333333333333333,1.0,0,97.49322266666667,0.012265045631111304,1.0257123240443504,99.5,-0.5,199.0,-1.0,70.4,-0.31067811865473516,0.3333333333333333,1.0,0
38500,97.47984100000001,0.030397875698802982,1.0258531299820235,100.0,0.0,200.0,0.0,70.7,-0.010678118654738,0.3333333333333333,1.0,0,97.48787,0.028197395908129617,1.0257686417807672,99.5,-0.5,199.0,-1.0,70.4,-0.31067811865473516,0.3333333333333333,1.0,0
39000,97.45575333333333,0.03794470221695782,1.0261066851329386,100.0,0.0,200.0,0.0,70.7,-0.010678118654738,0.3333333333333333,1.0,0,97.45842966666667,0.008029500005188444,1.0260785069288123,99.5,-0.5,199.0,-1.0,70.4,-0.31067811865473516,0.6666666666666666,1.0,0
39500,97.474488,0.01605799999999391,1.0259094666904023,100.0,0.0,200.0666666666667,0.0666666666666913,70.7,-0.010678118654738,0.6666666666666666,1.0,0,97.45575333333333,0.012265045631119059,1.0261066851329386,99.5,-0.5,199.0,-1.0,70.4,-0.31067811865473516,0.3333333333333333,1.0,0
40000,97.46110566666668,0.018542758595562925,1.0260503337815268,100.0,0.0,200.0666666666667,0.0666666666666913,70.7,-0.010678118654738,0.6666666666666666,1.0,0,97.47716433333333,0.024529982151100065,1.0258812993168283,99.5,-0.5,199.0,-1.0,70.4,-0.31067811865473516,0.3333333333333333,1.0,0
40500,97.4504,0.0,1.0261630532045019,100.0,0.0,200.0,0.0,70.7,-0.010678118654738,0.6666666666666666,1.0,0,97.46378266666666,0.032449806922896576,1.0260221516540908,99.5,-0.5,199.1,-0.9000000000000057,70.4,-0.31067811865473516,1.0,1.0,0
41000,97.46645866666667,0.021243115245488872,1.0259939816013834,100.03333333333335,0.03333333333334565,200.0666666666667,0.0666666666666913,70.73333333333333,0.02265521467859344,0.3333333333333333,1.0,0,97.45307700000001,0.009271667972923534,1.026134864884769,99.5,-0.5,199.1,-0.9000000000000057,70.4,-0.31067811865473516,0.0,0.0,0
41500,97.43969466666665,0.02581055724570158,1.0262757938855611,100.0,0.0,200.0666666666667,0.0666666666666913,70.7,-0.010678118654738,0.0,0.0,0,97.455753,0.016714256758825683,1.0261066886425885,99.5,-0.5,199.1,-0.9000000000000057,70.4,-0.31067811865473516,0.3333333333333333,1.0,0
42000,97.43701833333334,0.012264500084937357,1.0263039829266805,100.0,0.0,200.0666666666667,0.0666666666666913,70.7,-0.010678118654738,0.3333333333333333,1.0,0,97.45040033333333,0.008029500005195549,1.0261630496944667,99.5,-0.5,199.1,-0.9000000000000057,70.4,-0.31067811865473516,0.6666666666666666,1.0,0
42500,97.445048,0.023178303906890827,1.026219413427761,100.0,0.0,200.1,0.09999999999999432,70.7,-0.010678118654738,0.6666666666666666,1.0,0,97.43166566666666,0.012264500084931155,1.0263603656548388,99.53333333333335,-0.46666666666665435,199.1,-0.9000000000000057,70.4,-0.31067811865473516,0.6666666666666666,1.0,0
43000,97.44504766666667,0.01671409663528254,1.0262194169381817,100.0,0.0,200.1,0.09999999999999432,70.7,-0.010678118654738,0.0,0.0,0,97.42898933333333,0.0046355453113279006,1.0263885593421325,99.59999999999998,-0.4000000000000199,199.1,-0.9000000000000057,70.4,-0.31067811865473516,1.0,1.0,0
43500,97.42096033333333,0.004635545311319696,1.0264731496984048,100.0,0.0,200.0,0.0,70.7,-0.010678118654738,0.6666666666666666,1.0,0,97.42898933333333,0.0046355453113279006,1.0263885593421325,99.59999999999998,-0.4000000000000199,199.1,-0.9000000000000057,70.4,-0.31067811865473516,0.3333333333333333,1.0,0
44000,97.407578,0.020206337149514562,1.026614171640732,100.0,0.0,200.0,0.0,70.7,-0.010678118654738,0.6666666666666666,1.0,0,97.42631266666666,0.016058500002594435,1.0264167580901775,99.59999999999998,-0.4000000000000199,199.13333333333333,-0.8666666666666742,70.4,-0.31067811865473516,0.0,0.0,0
44500,97.43166533333333,0.02581019431025786,1.0263603691662242,100.0,0.0,200.0,0.0,70.7,-0.010678118654738,0.6666666666666666,1.0,0,97.412931,0.030397875698799856,1.0265577575116798,99.59999999999998,-0.4000000000000199,199.19999999999996,-0.8000000000000398,70.4,-0.31067811865473516,0.6666666666666666,1.0,0
45000,97.42096,0.028197395908137034,1.0264731532105618,100.03333333333335,0.03333333333334565,200.0666666666667,0.0666666666666913,70.73333333333333,0.02265521467859344,0.3333333333333333,1.0,0,97.39687266666665,0.018542758595562925,1.026727011474407,99.59999999999998,-0.4000000000000199,199.19999999999996,-0.8000000000000398,70.4,-0.31067811865473516,1.0,1.0,0
45500,97.40490133333333,0.004635545311319696,1.026642382787144,100.0,0.0,200.0,0.0,70.7,-0.010678118654738,0.0,0.0,0,97.41025433333334,0.02124330422352991,1.026585965557637,99.59999999999998,-0.4000000000000199,199.19999999999996,-0.8000000000000398,70.4,-0.31067811865473516,0.6666666666666666,1.0,0
46000,97.41293066666667,0.004636122661595633,1.0265577610244159,100.0,0.0,200.0666666666667,0.0666666666666913,70.7,-0.010678118654738,0.3333333333333333,1.0,0,97.42095966666666,0.018542758595562925,1.0264731567227188,99.59999999999998,-0.4000000000000199,199.19999999999996,-0.8000000000000398,70.4,-0.31067811865473516,0.3333333333333333,1.0,0
46500,97.36743200000001,0.02020633714952209,1.027037459506994,100.0,0.0,200.0,0.0,70.7,-0.010678118654738,0.6666666666666666,1.0,0,97.402225,0.040146000000000015,1.0266705919705632,99.59999999999998,-0.4000000000000199,199.19999999999996,-0.8000000000000398,70.4,-0.31067811865473516,0.3333333333333333,1.0,0
47000,97.38349033333333,0.03342795306825382,1.0268681031837188,100.0,0.0,199.96666666666667,-0.03333333333333144,70.7,-0.010678118654738,0.3333333333333333,1.0,0,97.39151933333333,0.0202064033745043,1.0267834477223714,99.59999999999998,-0.4000000000000199,199.19999999999996,-0.8000000000000398,70.4,-0.31067811865473516,0.3333333333333333,1.0,0
47500,97.40222533333333,0.028949525891337913,1.026670588457055,100.03333333333335,0.03333333333334565,200.0666666666667,0.0666666666666913,70.73333333333333,0.02265521467859344,0.3333333333333333,1.0,0,97.412931,0.01671425675882796,1.0265577575116798,99.59999999999998,-0.4000000000000199,199.19999999999996,-0.8000000000000398,70.4,-0.31067811865473516,0.6666666666666666,1.0,0
48000,97.34869733333333,0.012264500084931155,1.0272351119151424,100.0,0.0,199.96666666666667,-0.03333333333333144,70.7,-0.010678118654738,0.0,0.0,0,97.364756,0.023178303906890827,1.027065686889823,99.59999999999998,-0.4000000000000199,199.19999999999996,-0.8000000000000398,70.4,-0.31067811865473516,1.0,1.0,0
48500,97.37278500000001,0.01671425675882796,1.0269809988489083,100.0,0.0,200.0,0.0,70.7,-0.010678118654738,1.0,1.0,0,97.35404999999999,0.0,1.0271786330409471,99.59999999999998,-0.4000000000000199,199.19999999999996,-0.8000000000000398,70.4,-0.31067811865473516,0.6666666666666666,1.0,0
49000,97.37010833333333,0.008029500005195549,1.0270092301598719,100.0,0.0,200.0,0.0,70.7,-0.010678118654738,0.0,0.0,0,97.35404999999999,0.013906635933975498,1.0271786330409471,99.59999999999998,-0.4000000000000199,199.19999999999996,-0.8000000000000398,70.4,-0.31067811865473516,0.3333333333333333,1.0,0
49500,97.33531533333333,0.012265045631111304,1.0273763397954918,100.0,0.0,200.0,0.0,70.7,-0.010678118654738,0.6666666666666666,1.0,0,97.362079,0.0289499419170435,1.027093926373532,99.59999999999998,-0.4000000000000199,199.23333333333335,-0.7666666666666515,70.4,-0.31067811865473516,0.6666666666666666,1.0,0
50000,97.32996233333334,0.056204500000741106,1.0274328439327078,99.96666666666665,-0.03333333333334565,199.96666666666667,-0.03333333333333144,70.7,-0.010678118654738,0.6666666666666666,1.0,0,97.35940266666667,0.02581055724570158,1.0271221603769904,99.63333333333333,-0.36666666666667425,199.30000000000004,-0.6999999999999602,70.46666666666667,-0.24401145198807228,0.6666666666666666,1.0,0
50500,97.33531533333333,0.05224145392629938,1.0273763397954918,100.0,0.0,200.0,0.0,70.7,-0.010678118654738,0.3333333333333333,1.0,0,97.34066833333333,0.004635545311319696,1.0273198418728753,99.59999999999998,-0.4000000000000199,199.26666666666665,-0.7333333333333485,70.46666666666667,-0.24401145198807228,1.0,1.0,0
51000,97.35672633333333,0.012264500084937357,1.027150395932753,100.0,0.0,200.03333333333333,0.03333333333333144,70.7,-0.010678118654738,0.6666666666666666,1.0,0,97.327286,0.037084939840858124,1.0274610965726507,99.59999999999998,-0.4000000000000199,199.23333333333335,-0.7666666666666515,70.4,-0.31067811865473516,0.3333333333333333,1.0,0
51500,97.32461,0.023178303906882622,1.02748934724732,100.0,0.0,199.96666666666667,-0.03333333333333144,70.7,-0.010678118654738,0.6666666666666666,1.0,0,97.30319833333333,0.028197443365191276,1.0277154473116925,99.59999999999998,-0.4000000000000199,199.30000000000004,-0.6999999999999602,70.5,-0.21067811865474084,0.3333333333333333,1.0,0
52000,97.27911066666667,0.06733691405413247,1.0279699240123261,100.0,0.0,200.0,0.0,70.7,-0.010678118654738,0.3333333333333333,1.0,0,97.37278466666667,0.03794470221695782,1.0269810023645416,99.63333333333333,-0.36666666666667425,199.30000000000004,-0.6999999999999602,70.46666666666667,-0.24401145198807228,0.6666666666666666,1.0,0
52500,97.27108166666666,0.07880600234330366,1.0280547752381837,100.0,0.0,200.03333333333333,0.03333333333333144,70.7,-0.010678118654738,0.3333333333333333,1.0,0,97.22023,0.04905909143064142,1.0285925059012924,99.59999999999998,-0.4000000000000199,199.19999999999996,-0.8000000000000398,70.4,-0.31067811865473516,1.3333333333333333,2.0,0
53000,97.29784533333333,0.1182774406652973,1.027771988756887,100.06666666666666,0.06666666666666288,200.1,0.09999999999999432,70.73333333333333,0.02265521467859344,0.6666666666666666,1.0,0,97.34602066666666,0.057899051782673856,1.0272633571989669,99.63333333333333,-0.36666666666667425,199.26666666666665,-0.7333333333333485,70.43333333333334,-0.2773447853214037,1.3333333333333333,2.0,0
53500,97.27911066666667,0.009271090622647598,1.0279699240123261,100.0,0.0,200.0,0.0,70.7,-0.010678118654738,1.0,1.0,0,97.30587466666667,0.04883997994812752,1.0276871806821777,99.7,-0.29999999999999716,199.30000000000004,-0.6999999999999602,70.5,-0.21067811865474084,1.0,1.0,0
54000,97.273758,0.016058000000001016,1.0280264899398663,100.0,0.0,200.0,0.0,70.7,-0.010678118654738,0.6666666666666666,1.0,0,97.276434,0.023178303906890827,1.0279982097205578,99.66666666666667,-0.3333333333333286,199.30000000000004,-0.6999999999999602,70.5,-0.21067811865474084,1.0,1.0,0
54500,97.28178733333334,0.02124330422352991,1.0279416398606327,100.0,0.0,200.0,0.0,70.7,-0.010678118654738,1.0,1.0,0,97.26840533333332,0.0046355453113279006,1.0280830620930368,99.66666666666667,-0.3333333333333286,199.30000000000004,-0.6999999999999602,70.5,-0.21067811865474084,1.0,1.0,0
55000,97.28178733333334,0.02781442656848646,1.0279416398606327,100.0,0.0,200.03333333333333,0.03333333333333144,70.7,-0.010678118654738,1.0,1.0,0,97.29249266666666,0.0202064033745043,1.0278285329024257,99.7,-0.29999999999999716,199.30000000000004,-0.6999999999999602,70.5,-0.21067811865474084,0.6666666666666666,1.0,0
55500,97.26305233333333,0.03342795306825382,1.0281396439964354,100.0,0.0,200.03333333333333,0.03333333333333144,70.7,-0.010678118654738,1.0,1.0,0,97.24967033333333,0.024087500001730065,1.0282811207198916,99.7,-0.29999999999999716,199.30000000000004,-0.6999999999999602,70.5,-0.21067811865474084,0.6666666666666666,1.0,0
56000,97.26572900000001,0.013906635933967293,1.0281113505045543,100.0,0.0,200.1,0.09999999999999432,70.7,-0.010678118654738,1.0,1.0,0,97.26572900000001,0.008029000000000508,1.0281113505045543,99.7,-0.29999999999999716,199.33333333333334,-0.6666666666666572,70.5,-0.21067811865474084,1.0,1.0,0
56500,97.24431733333331,0.009271090622647598,1.0283377244268246,100.0,0.0,200.0,0.0,70.7,-0.010678118654738,1.0,1.0,0,97.26037566666666,0.025810194310260808,1.0281679390456258,99.7,-0.29999999999999716,199.4,-0.5999999999999943,70.5,-0.21067811865474084,1.0,1.0,0
57000,97.24164133333333,0.016058500002594435,1.0283660233295664,100.0,0.0,200.0,0.0,70.7,-0.010678118654738,1.0,1.0,0,97.233612,0.034998517282877555,1.0284509434864972,99.7,-0.29999999999999716,199.36666666666667,-0.6333333333333258,70.5,-0.21067811865474084,1.0,1.0,0
57500,97.24431766666667,0.024529436608552082,1.028337720901896,100.0,0.0,200.1,0.09999999999999432,70.7,-0.010678118654738,1.0,1.0,0,97.22023,0.009271667972915329,1.0285925059012924,99.7,-0.29999999999999716,199.30000000000004,-0.6999999999999602,70.5,-0.21067811865474084,1.0,1.0,0
58000,97.22290633333334,0.012265045631111304,1.0285641910060297,100.0,0.0,200.0666666666667,0.0666666666666913,70.7,-0.010678118654738,1.0,1.0,0,97.21755366666666,0.01390721328424323,1.0286208223555349,99.7,-0.29999999999999716,199.30000000000004,-0.6999999999999602,70.5,-0.21067811865474084,1.0,1.0,0
58500,97.206848,0.02020633714952209,1.0287341072925233,100.0,0.0,200.1,0.09999999999999432,70.7,-0.010678118654738,1.0,1.0,0,97.20952433333332,0.028949525891343825,1.02870578460088,99.7,-0.29999999999999716,199.4,-0.5999999999999943,70.5,-0.21067811865474084,1.0,1.0,0
59000,97.188113,0.01671425675882796,1.0289324168687173,100.0,0.0,200.03333333333333,0.03333333333333144,70.7,-0.010678118654738,1.0,1.0,0,97.18811333333333,0.009271090622647598,1.0289324133397109,99.7,-0.29999999999999716,199.33333333333334,-0.6666666666666572,70.5,-0.21067811865474084,1.0,1.0,0
59500,97.19614233333334,0.016713696309713498,1.0288474171850448,100.0,0.0,200.1,0.09999999999999432,70.7,-0.010678118654738,1.0,1.0,0,97.188113,0.02020633714952209,1.0289324168687173,99.7,-0.29999999999999716,199.36666666666667,-0.6333333333333258,70.5,-0.21067811865474084,1.0,1.0,0
60000,97.19078966666666,0.012264500084931155,1.0289040797278017,100.03333333333335,0.03333333333334565,200.1,0.09999999999999432,70.73333333333333,0.02265521467859344,1.0,1.0,0,97.19078966666666,0.016713696309715774,1.0289040797278017,99.7,-0.29999999999999716,199.4,-0.5999999999999943,70.5,-0.21067811865474084,1.0,1.0,0
60500,97.16402566666666,0.025810194310260808,1.029187493147541,100.03333333333335,0.03333333333334565,200.0666666666667,0.0666666666666913,70.7,-0.010678118654738,1.0,1.0,0,97.18008400000001,0.023178303906890827,1.0290174270686985,99.7,-0.29999999999999716,199.4,-0.5999999999999943,70.5,-0.21067811865474084,1.0,1.0,0
61000,97.18276066666665,0.009271090622647598,1.0289890852452357,100.0,0.0,200.1,0.09999999999999432,70.7,-0.010678118654738,0.6666666666666666,1.0,0,97.15599633333333,0.01671369630970781,1.0292725490345356,99.7,-0.29999999999999716,199.4,-0.5999999999999943,70.5,-0.21067811865474084,1.0,1.0,0
61500,97.172055,0.01671425675882796,1.0291024513168936,100.06666666666666,0.06666666666666288,200.1,0.09999999999999432,70.73333333333333,0.02265521467859344,1.0,1.0,0,97.16402533333333,0.004635545311319696,1.0291874966782975,99.7,-0.29999999999999716,199.4,-0.5999999999999943,70.5,-0.21067811865474084,1.0,1.0,0
62000,97.15332033333334,0.02124330422352454,1.0293008994123896,100.06666666666666,0.06666666666666288,200.13333333333333,0.13333333333332575,70.76666666666667,0.05598854801192488,1.0,1.0,0,97.16134933333335,0.02408750000172296,1.0292158423709004,99.7,-0.29999999999999716,199.4,-0.5999999999999943,70.5,-0.21067811865474084,1.0,1.0,0
62500,97.13993799999999,0.012264936526532776,1.0294426994590011,100.06666666666666,0.06666666666666288,200.1,0.09999999999999432,70.76666666666667,0.05598854801192488,1.0,1.0,0,97.13458533333333,0.04041280674901613,1.0294994275914549,99.7,-0.29999999999999716,199.4,-0.5999999999999943,70.5,-0.21067811865474084,0.6666666666666666,1.0,0
63000,97.14261433333333,0.016714096635274574,1.0294143377371119,100.0,0.0,200.1,0.09999999999999432,70.7,-0.010678118654738,1.0,1.0,0,97.13190900000001,0.01671425675882796,1.0295277940022778,99.7,-0.29999999999999716,199.4,-0.5999999999999943,70.5,-0.21067811865474084,1.0,1.0,0
63500,97.13993766666665,0.02581019431025786,1.0294427029915088,100.09999999999998,0.0999999999999801,200.13333333333333,0.13333333333332575,70.8,0.08932188134525632,1.0,1.0,0,97.113174,0.016058000000001016,1.029726409724802,99.7,-0.29999999999999716,199.4,-0.5999999999999943,70.5,-0.21067811865474084,1.0,1.0,0
64000,97.11852700000001,0.016714256758833645,1.0296696530415868,100.09999999999998,0.0999999999999801,200.13333333333333,0.13333333333332575,70.76666666666667,0.05598854801192488,1.0,1.0,0,97.113174,0.03679448223579477,1.029726409724802,99.7,-0.29999999999999716,199.4,-0.5999999999999943,70.5,-0.21067811865474084,1.0,1.0,0
64500,97.09979166666666,0.025810194310260808,1.0298683270432696,100.0,0.0,200.1,0.09999999999999432,70.7,-0.010678118654738,1.0,1.0,0,97.11852666666665,0.004635545311319696,1.0296696565756525,99.7,-0.29999999999999716,199.4,-0.5999999999999943,70.5,-0.21067811865474084,1.0,1.0,0
65000,97.08908633333333,0.013907213284235026,1.0299818834083236,100.06666666666666,0.06666666666666288,200.1,0.09999999999999432,70.73333333333333,0.02265521467859344,1.0,1.0,0,97.09979166666666,0.025810194310260808,1.0298683270432696,99.7,-0.29999999999999716,199.4,-0.5999999999999943,70.5,-0.21067811865474084,1.0,1.0,0
65500,97.07570433333332,0.0046355453113279006,1.0301238676221744,100.0,0.0,200.1,0.09999999999999432,70.7,-0.010678118654738,1.0,1.0,0,97.07302766666668,0.02124330422352454,1.030152271992423,99.7,-0.29999999999999716,199.4,-0.5999999999999943,70.5,-0.21067811865474084,1.0,1.0,0
66000,97.07035166666667,0.01671369630970781,1.0301806708539962,100.03333333333335,0.03333333333334565,200.1,0.09999999999999432,70.73333333333333,0.02265521467859344,1.0,1.0,0,97.091763,0.030397875698799856,1.0299534884334112,99.7,-0.29999999999999716,199.4,-0.5999999999999943,70.5,-0.21067811865474084,1.0,1.0,0
66500,97.07838066666666,0.012264500084931155,1.030095468355258,100.09999999999998,0.0999999999999801,200.13333333333333,0.13333333333332575,70.8,0.08932188134525632,1.0,1.0,0,97.059646,0.01671425675882796,1.0302942996515772,99.7,-0.29999999999999716,199.4,-0.5999999999999943,70.5,-0.21067811865474084,1.0,1.0,0
67000,97.05696966666666,0.01390721328424323,1.0303227098830812,100.09999999999998,0.0999999999999801,200.1,0.09999999999999432,70.8,0.08932188134525632,1.0,1.0,0,97.04894033333333,0.008029500005195549,1.0304079535184072,99.7,-0.29999999999999716,199.4,-0.5999999999999943,70.5,-0.21067811865474084,1.0,1.0,0
67500,97.03555833333333,0.009271090622647598,1.030550055233189,100.09999999999998,0.0999999999999801,200.1,0.09999999999999432,70.76666666666667,0.05598854801192488,1.0,1.0,0,97.04894,0.0,1.0304079570575422,99.7,-0.29999999999999716,199.4,-0.5999999999999943,70.5,-0.21067811865474084,1.0,1.0,0
68000,97.01414733333333,0.02581019431025786,1.0307774973933184,100.06666666666666,0.06666666666666288,200.1,0.09999999999999432,70.73333333333333,0.02265521467859344,1.0,1.0,0,97.04091133333333,0.024087500001730065,1.030493207720425,99.7,-0.29999999999999716,199.4,-0.5999999999999943,70.5,-0.21067811865474084,1.0,1.0,0
68500,97.027529,0.01671425675882796,1.030635336493007,100.09999999999998,0.0999999999999801,200.13333333333333,0.13333333333332575,70.8,0.08932188134525632,1.0,1.0,0,97.03288199999999,0.008029000000000508,1.0305784795714923,99.7,-0.29999999999999716,199.4,-0.5999999999999943,70.5,-0.21067811865474084,1.0,1.0,0
69000,97.01414733333333,0.012265045631111304,1.0307774973933184,100.09999999999998,0.0999999999999801,200.13333333333333,0.13333333333332575,70.8,0.08932188134525632,1.0,1.0,0,97.00879433333334,0.008029500005188444,1.03083437627715,99.7,-0.29999999999999716,199.4333333333333,-0.5666666666666913,70.5,-0.21067811865474084,1.0,1.0,0
69500,97.000765,0.0,1.0309197046023297,100.09999999999998,0.0999999999999801,200.1,0.09999999999999432,70.8,0.08932188134525632,1.0,1.0,0,97.006118,0.009271667972915329,1.0308628163019573,99.7,-0.29999999999999716,199.4,-0.5999999999999943,70.5,-0.21067811865474084,1.0,1.0,0
70000,96.98738333333334,0.004635545311319696,1.0310619439676258,100.09999999999998,0.0999999999999801,200.13333333333333,0.13333333333332575,70.8,0.08932188134525632,1.0,1.0,0,97.00879466666667,0.02124330422352454,1.030834372735085,99.7,-0.29999999999999716,199.4,-0.5999999999999943,70.5,-0.21067811865474084,1.0,1.0,0
70500,96.96864866666668,0.01390721328424323,1.0312611485775542,100.09999999999998,0.0999999999999801,200.16666666666666,0.1666666666666572,70.8,0.08932188134525632,1.0,1.0,0,96.95258999999999,0.013906635933967293,1.0314319607139946,99.7,-0.29999999999999716,199.4,-0.5999999999999943,70.5,-0.21067811865474084,1.0,1.0,0
71000,96.96864833333332,0.016058500002594435,1.031261152122553,100.06666666666666,0.06666666666666288,200.1,0.09999999999999432,70.76666666666667,0.05598854801192488,1.0,1.0,0,96.97935366666667,0.02581019431025786,1.0311473135170168,99.7,-0.29999999999999716,199.4333333333333,-0.5666666666666913,70.5,-0.21067811865474084,1.0,1.0,0
71500,96.96597200000001,0.02819739590813029,1.031289615701475,100.09999999999998,0.0999999999999801,200.16666666666666,0.1666666666666572,70.8,0.08932188134525632,1.0,1.0,0,96.97400133333333,0.012265045631119059,1.0312042261334071,99.7,-0.29999999999999716,199.4333333333333,-0.5666666666666913,70.5,-0.21067811865474084,1.0,1.0,0
72000,96.95258999999999,0.008029000000000508,1.0314319607139946,100.09999999999998,0.0999999999999801,200.16666666666666,0.1666666666666572,70.8,0.08932188134525632,1.0,1.0,0,96.93920800000001,0.030397875698802982,1.0315743450266273,99.7,-0.29999999999999716,199.4,-0.5999999999999943,70.5,-0.21067811865474084,1.0,1.0,0
72500,96.91779666666666,0.009271090622647598,1.031802243131198,100.09999999999998,0.0999999999999801,200.1,0.09999999999999432,70.76666666666667,0.05598854801192488,1.0,1.0,0,96.931179,0.01671425675882796,1.0316597923563893,99.7,-0.29999999999999716,199.4,-0.5999999999999943,70.5,-0.21067811865474084,1.0,1.0,0
73000,96.93920800000001,0.028197395908137034,1.0315743450266273,100.06666666666666,0.06666666666666288,200.13333333333333,0.13333333333332575,70.76666666666667,0.05598854801192488,1.0,1.0,0,96.95526666666666,0.01854275859557113,1.0314034857312204,99.7,-0.29999999999999716,199.4,-0.5999999999999943,70.5,-0.21067811865474084,1.0,1.0,0
73500,96.90976766666667,0.024529982151100065,1.03188772822119,100.06666666666666,0.06666666666666288,200.13333333333333,0.13333333333332575,70.76666666666667,0.05598854801192488,1.0,1.0,0,96.92582599999999,0.03342851351765364,1.0317167686556523,99.7,-0.29999999999999716,199.5,-0.5,70.5,-0.21067811865474084,1.0,1.0,0
74000,96.91779666666666,0.012264500084931155,1.031802243131198,100.09999999999998,0.0999999999999801,200.1,0.09999999999999432,70.8,0.08932188134525632,1.0,1.0,0,96.90173833333334,0.016714096635274574,1.0319732310271763,99.7,-0.29999999999999716,199.5,-0.5,70.5,-0.21067811865474084,1.0,1.0,0
74500,96.90441500000001,0.008028999999993403,1.031944726151022,100.09999999999998,0.0999999999999801,200.16666666666666,0.1666666666666572,70.8,0.08932188134525632,1.0,1.0,0,96.90173833333331,0.018542758595562925,1.0319732310271768,99.7,-0.29999999999999716,199.46666666666667,-0.5333333333333314,70.5,-0.21067811865474084,1.0,1.0,0
75000,96.90441500000001,0.03679448223578702,1.031944726151022,100.09999999999998,0.0999999999999801,200.16666666666666,0.1666666666666572,70.8,0.08932188134525632,1.0,1.0,0,96.87765066666667,0.009271090622647598,1.032229820932349,99.7,-0.29999999999999716,199.4333333333333,-0.5666666666666913,70.5,-0.21067811865474084,1.0,1.0,0
75500,96.88835633333333,0.01390721328424323,1.0321157648289687,100.09999999999998,0.0999999999999801,200.19999999999996,0.1999999999999602,70.8,0.08932188134525632,1.0,1.0,0,96.88032700000001,0.0,1.032201305431184,99.7,-0.29999999999999716,199.4,-0.5999999999999943,70.5,-0.21067811865474084,1.0,1.0,0
76000,96.86962133333333,0.02581019431025786,1.0323153804420777,100.09999999999998,0.0999999999999801,200.16666666666666,0.1666666666666572,70.8,0.08932188134525632,1.0,1.0,0,96.87765066666667,0.004635545311319696,1.032229820932349,99.7,-0.29999999999999716,199.46666666666667,-0.5333333333333314,70.5,-0.21067811865474084,1.0,1.0,0
76500,96.86962166666666,0.009271090622647598,1.0323153768898277,100.09999999999998,0.0999999999999801,200.19999999999996,0.1999999999999602,70.8,0.08932188134525632,1.0,1.0,0,96.85088666666667,0.012265045631111304,1.0325150697295284,99.7,-0.29999999999999716,199.4333333333333,-0.5666666666666913,70.5,-0.21067811865474084,1.0,1.0,0
77000,96.83215233333334,0.02124330422352454,1.032714832732022,100.06666666666666,0.06666666666666288,200.1,0.09999999999999432,70.76666666666667,0.05598854801192488,1.0,1.0,0,96.85891600000001,0.032449353290936435,1.032429477117006,99.7,-0.29999999999999716,199.5,-0.5,70.5,-0.21067811865474084,1.0,1.0,0
77500,96.82947533333333,0.0202064033745043,1.0327433837243485,100.06666666666666,0.06666666666666288,200.13333333333333,0.13333333333332575,70.76666666666667,0.05598854801192488,1.0,1.0,0,96.83482833333333,0.012264500084931155,1.0326862939826902,99.7,-0.29999999999999716,199.4333333333333,-0.5666666666666913,70.5,-0.21067811865474084,1.0,1.0,0
78000,96.83482833333333,0.012264500084931155,1.0326862939826902,100.09999999999998,0.0999999999999801,200.19999999999996,0.1999999999999602,70.8,0.08932188134525632,1.0,1.0,0,96.83750466666667,0.0046355453113279006,1.0326577532560266,99.7,-0.29999999999999716,199.46666666666667,-0.5333333333333314,70.5,-0.21067811865474084,1.0,1.0,0
78500,96.813417,0.02452954571532071,1.0329146837157912,100.09999999999998,0.0999999999999801,200.13333333333333,0.13333333333332575,70.8,0.08932188134525632,1.0,1.0,0,96.81876999999999,0.01671425675882796,1.0328575750342626,99.7,-0.29999999999999716,199.46666666666667,-0.5333333333333314,70.5,-0.21067811865474084,1.0,1.0,0
79000,96.79735899999999,0.030397875698802982,1.033086036985782,100.09999999999998,0.0999999999999801,200.16666666666666,0.1666666666666572,70.8,0.08932188134525632,1.0,1.0,0,96.813417,0.03960726525525537,1.0329146837157912,99.7,-0.29999999999999716,199.4,-0.5999999999999943,70.5,-0.21067811865474084,1.0,1.0,0
79500,96.79200566666667,0.02124330422352991,1.033143174492954,100.06666666666666,0.06666666666666288,200.1,0.09999999999999432,70.73333333333333,0.02265521467859344,1.0,1.0,0,96.77594766666665,0.024087500001730065,1.0333146035876415,99.7,-0.29999999999999716,199.4333333333333,-0.5666666666666913,70.5,-0.21067811865474084,1.0,1.0,0
80000,96.770595,0.030397875698799856,1.0333717592622016,100.09999999999998,0.0999999999999801,200.16666666666666,0.1666666666666572,70.8,0.08932188134525632,1.0,1.0,0,96.77327133333334,0.028197443365191276,1.033343180634581,99.7,-0.29999999999999716,199.4,-0.5999999999999943,70.5,-0.21067811865474084,1.0,1.0,0
80500,96.770595,0.009271667972915329,1.0333717592622016,100.09999999999998,0.0999999999999801,200.13333333333333,0.13333333333332575,70.8,0.08932188134525632,1.0,1.0,0,96.78932966666666,0.009271090622647598,1.033171738500417,99.7,-0.29999999999999716,199.46666666666667,-0.5333333333333314,70.5,-0.21067811865474084,1.0,1.0,0
81000,96.757213,0.020206337149514562,1.0335146796756125,100.09999999999998,0.0999999999999801,200.16666666666666,0.1666666666666572,70.8,0.08932188134525632,1.0,1.0,0,96.778624,0.02452954571532071,1.0332860281212513,99.7,-0.29999999999999716,199.5,-0.5,70.5,-0.21067811865474084,1.0,1.0,0
81500,96.74918366666667,0.033428353389500245,1.0336004523256082,100.09999999999998,0.0999999999999801,200.19999999999996,0.1999999999999602,70.8,0.08932188134525632,1.0,1.0,0,96.75988933333333,0.034998746696609004,1.0334860931424243,99.7,-0.29999999999999716,199.4333333333333,-0.5666666666666913,70.5,-0.21067811865474084,1.0,1.0,0
82000,96.74918366666667,0.004635545311319696,1.0336004523256082,100.09999999999998,0.0999999999999801,200.19999999999996,0.1999999999999602,70.8,0.08932188134525632,1.0,1.0,0,96.743831,0.008028999999993403,1.0336576396276884,99.7,-0.29999999999999716,199.5,-0.5,70.5,-0.21067811865474084,1.0,1.0,0
82500,96.74115433333333,0.02020640337451183,1.0336862392135402,100.09999999999998,0.0999999999999801,200.19999999999996,0.1999999999999602,70.8,0.08932188134525632,1.0,1.0,0,96.74918366666667,0.012264500084929604,1.0336004523256082,99.7,-0.29999999999999716,199.4333333333333,-0.5666666666666913,70.5,-0.21067811865474084,1.0,1.0,0
83000,96.73044866666667,0.012265045631117508,1.0338006426973188,100.09999999999998,0.0999999999999801,200.19999999999996,0.1999999999999602,70.8,0.08932188134525632,1.0,1.0,0,96.70903766666667,0.0046355453113279006,1.0340295220874445,99.7,-0.29999999999999716,199.5,-0.5,70.5,-0.21067811865474084,1.0,1.0,0
83500,96.698332,0.01226493652654053,1.0341440015738845,100.09999999999998,0.0999999999999801,200.13333333333333,0.13333333333332575,70.8,0.08932188134525632,1.0,1.0,0,96.719743,0.008029000000000508,1.033915071507169,99.7,-0.29999999999999716,199.4333333333333,-0.5666666666666913,70.5,-0.21067811865474084,1.0,1.0,0
84000,96.663539,0.008028999999993403,1.0345162305716946,100.03333333333335,0.03333333333334565,200.1,0.09999999999999432,70.73333333333333,0.02265521467859344,1.0,1.0,0,96.676921,0.01671425675882796,1.0343730330427052,99.7,-0.29999999999999716,199.4,-0.5999999999999943,70.5,-0.21067811865474084,1.0,1.0,0
84500,96.66621500000001,0.020206337149514562,1.034487592174784,100.06666666666666,0.06666666666666288,200.1,0.09999999999999432,70.73333333333333,0.02265521467859344,1.0,1.0,0,96.66889166666665,0.01671369630970781,1.0344589482293813,99.7,-0.29999999999999716,199.4,-0.5999999999999943,70.5,-0.21067811865474084,1.0,1.0,0
85000,96.66889133333332,0.018542758595562925,1.0344589517963991,100.09999999999998,0.0999999999999801,200.13333333333333,0.13333333333332575,70.8,0.08932188134525632,1.0,1.0,0,96.66889166666665,0.009271090622647598,1.0344589482293813,99.7,-0.29999999999999716,199.4,-0.5999999999999943,70.5,-0.21067811865474084,1.0,1.0,0
85500,96.658186,0.02452954571532071,1.0345735228260957,100.09999999999998,0.0999999999999801,200.19999999999996,0.1999999999999602,70.8,0.08932188134525632,1.0,1.0,0,96.663539,0.0,1.0345162305716946,99.7,-0.29999999999999716,199.4,-0.5999999999999943,70.5,-0.21067811865474084,1.0,1.0,0
86000,96.64748066666668,0.01390721328424323,1.0346881192371276,100.09999999999998,0.0999999999999801,200.1,0.09999999999999432,70.8,0.08932188134525632,1.0,1.0,0,96.66353866666667,0.016058500002594435,1.0345162341391074,99.7,-0.29999999999999716,199.4,-0.5999999999999943,70.5,-0.21067811865474084,1.0,1.0,0
86500,96.61268733333333,0.004636122661595633,1.0350607436783097,100.06666666666666,0.06666666666666288,200.1,0.09999999999999432,70.7,-0.010678118654738,1.0,1.0,0,96.62874566666666,0.036205764214190854,1.0348887311956105,99.7,-0.29999999999999716,199.5,-0.5,70.5,-0.21067811865474084,1.0,1.0,0
87000,96.62339300000001,0.013906635933967293,1.0349460611469108,100.09999999999998,0.0999999999999801,200.1,0.09999999999999432,70.8,0.08932188134525632,1.0,1.0,0,96.62606933333332,0.018542181245295195,1.034917395377303,99.7,-0.29999999999999716,199.4333333333333,-0.5666666666666913,70.5,-0.21067811865474084,1.0,1.0,0
87500,96.59662900000001,0.020206337149514562,1.0352328133521098,100.09999999999998,0.0999999999999801,200.1,0.09999999999999432,70.8,0.08932188134525632,1.0,1.0,0,96.62339300000001,0.008029000000000508,1.0349460611469108,99.7,-0.29999999999999716,199.4,-0.5999999999999943,70.5,-0.21067811865474084,1.0,1.0,0
88000,96.58592333333333,0.012264500084931155,1.035347559445947,100.03333333333335,0.03333333333334565,200.1,0.09999999999999432,70.73333333333333,0.02265521467859344,1.0,1.0,0,96.61536366666667,0.024087500001730065,1.0350320715555208,99.7,-0.29999999999999716,199.4,-0.5999999999999943,70.5,-0.21067811865474084,1.0,1.0,0
88500,96.57789433333333,0.03620576421419033,1.0354336330305096,100.06666666666666,0.06666666666666288,200.0666666666667,0.0666666666666913,70.76666666666667,0.05598854801192488,1.0,1.0,0,96.57521766666666,0.02124330422352454,1.0354623309797149,99.7,-0.29999999999999716,199.4,-0.5999999999999943,70.5,-0.21067811865474084,1.0,1.0,0
89000,96.57521766666667,0.024087500001730065,1.0354623309797146,100.09999999999998,0.0999999999999801,200.13333333333333,0.13333333333332575,70.8,0.08932188134525632,1.0,1.0,0,96.58057033333334,0.024529436608558285,1.0354049438190829,99.7,-0.29999999999999716,199.4333333333333,-0.5666666666666913,70.5,-0.21067811865474084,1.0,1.0,0
89500,96.556483,0.02452954571532071,1.0356632397225984,100.09999999999998,0.0999999999999801,200.13333333333333,0.13333333333332575,70.76666666666667,0.05598854801192488,1.0,1.0,0,96.55112966666667,0.02124330422352991,1.0357206626710658,99.7,-0.29999999999999716,199.4,-0.5999999999999943,70.5,-0.21067811865474084,1.0,1.0,0
90000,96.55113033333333,0.021243304223532596,1.0357206555196172,100.09999999999998,0.0999999999999801,200.16666666666666,0.1666666666666572,70.8,0.08932188134525632,1.0,1.0,0,96.55380633333334,0.012264500084937357,1.035691950400892,99.7,-0.29999999999999716,199.4,-0.5999999999999943,70.5,-0.21067811865474084,1.0,1.0,0
90500,96.54042466666665,0.009271090622647598,1.0358355097906242,100.09999999999998,0.0999999999999801,200.1,0.09999999999999432,70.8,0.08932188134525632,1.0,1.0,0,96.55380633333334,0.004635545311319696,1.035691950400892,99.7,-0.29999999999999716,199.4,-0.5999999999999943,70.5,-0.21067811865474084,1.0,1.0,0
91000,96.53507166666667,0.016058500002594435,1.0358929482675234,100.09999999999998,0.0999999999999801,200.13333333333333,0.13333333333332575,70.8,0.08932188134525632,1.0,1.0,0,96.54042466666665,0.009271090622647598,1.0358355097906242,99.7,-0.29999999999999716,199.4,-0.5999999999999943,70.5,-0.21067811865474084,1.0,1.0,0
91500,96.52436566666665,0.0442212825496238,1.0360078443336884,100.09999999999998,0.0999999999999801,200.13333333333333,0.13333333333332575,70.8,0.08932188134525632,1.0,1.0,0,96.52436566666665,0.004635545311319696,1.0360078443336884,99.7,-0.29999999999999716,199.4,-0.5999999999999943,70.5,-0.21067811865474084,1.0,1.0,0
92000,96.48154333333332,0.0046355453113279006,1.0364676656809975,100.03333333333335,0.03333333333334565,200.1,0.09999999999999432,70.7,-0.010678118654738,1.0,1.0,0,96.51633666666667,0.0046355453113279006,1.0360940277433515,99.7,-0.29999999999999716,199.4,-0.5999999999999943,70.5,-0.21067811865474084,1.0,1.0,0
92500,96.50830766666667,0.01671369630970781,1.0361802254930572,100.09999999999998,0.0999999999999801,200.13333333333333,0.13333333333332575,70.8,0.08932188134525632,1.0,1.0,0,96.49224933333335,0.004636122661595633,1.0363526676070023,99.7,-0.29999999999999716,199.4,-0.5999999999999943,70.5,-0.21067811865474084,1.0,1.0,0
93000,96.48957266666666,0.012265045631117508,1.0363814165232184,100.09999999999998,0.0999999999999801,200.1,0.09999999999999432,70.76666666666667,0.05598854801192488,1.0,1.0,0,96.48421966666666,0.0046355453113279006,1.0364389155602818,99.7,-0.29999999999999716,199.4,-0.5999999999999943,70.5,-0.21067811865474084,1.0,1.0,0
93500,96.48154366666667,0.045655940405754394,1.0364676621001134,100.03333333333335,0.03333333333334565,200.0666666666667,0.0666666666666913,70.73333333333333,0.02265521467859344,1.0,1.0,0,96.48422,0.009271667972923534,1.0364389119795963,99.7,-0.29999999999999716,199.4,-0.5999999999999943,70.5,-0.21067811865474084,1.0,1.0,0
94000,96.449427,0.009271667972915329,1.0368127951656987,100.09999999999998,0.0999999999999801,200.1,0.09999999999999432,70.7,-0.010678118654738,1.0,1.0,0,96.478867,0.013906635933975498,1.0364964173967757,99.7,-0.29999999999999716,199.4,-0.5999999999999943,70.5,-0.21067811865474084,1.0,1.0,0
94500,96.436045,0.020206337149514562,1.036956669054605,100.03333333333335,0.03333333333334565,200.1,0.09999999999999432,70.73333333333333,0.02265521467859344,1.0,1.0,0,96.44139766666666,0.012265045631117508,1.0368991161413177,99.7,-0.29999999999999716,199.4,-0.5999999999999943,70.5,-0.21067811865474084,1.0,1.0,0
95000,96.44942666666667,0.012265045631111304,1.036812798748968,100.09999999999998,0.0999999999999801,200.1,0.09999999999999432,70.8,0.08932188134525632,1.0,1.0,0,96.44675033333333,0.008029500005188444,1.036841569616251,99.7,-0.29999999999999716,199.4,-0.5999999999999943,70.5,-0.21067811865474084,1.0,1.0,0
95500,96.41463366666666,0.008029500005188444,1.0371869517829522,100.0,0.0,200.1,0.09999999999999432,70.7,-0.010678118654738,1.0,1.0,0,96.436045,0.01671425675882796,1.036956669054605,99.7,-0.29999999999999716,199.4,-0.5999999999999943,70.5,-0.21067811865474084,1.0,1.0,0
96000,96.385193,0.039607265255250566,1.037503758487053,100.03333333333335,0.03333333333334565,200.1,0.09999999999999432,70.73333333333333,0.02265521467859344,1.0,1.0,0,96.42266266666667,0.027814426568478254,1.037100586463788,99.7,-0.29999999999999716,199.4,-0.5999999999999943,70.5,-0.21067811865474084,1.0,1.0,0
96500,96.40392766666666,0.0046355453113279006,1.0373021350931613,100.06666666666666,0.06666666666666288,200.1,0.09999999999999432,70.76666666666667,0.05598854801192488,1.0,1.0,0,96.42801566666667,0.024529982151100065,1.0370430139896376,99.7,-0.29999999999999716,199.4,-0.5999999999999943,70.5,-0.21067811865474084,1.0,1.0,0
97000,96.363782,0.023178303906890827,1.0377342807072474,100.03333333333335,0.03333333333334565,200.1,0.09999999999999432,70.7,-0.010678118654738,1.0,1.0,0,96.39054599999999,0.03679448223579477,1.037446141242939,99.7,-0.29999999999999716,199.4,-0.5999999999999943,70.5,-0.21067811865474084,1.0,1.0,0
97500,96.37448766666667,0.008029500005195549,1.0376190049992586,100.0,0.0,200.1,0.09999999999999432,70.7,-0.010678118654738,1.0,1.0,0,96.38786966666667,0.004635545311319696,1.0374749472711138,99.7,-0.29999999999999716,199.4,-0.5999999999999943,70.5,-0.21067811865474084,1.0,1.0,0
98000,96.37716366666666,0.018542758595562925,1.0375901945596095,100.09999999999998,0.0999999999999801,200.13333333333333,0.13333333333332575,70.76666666666667,0.05598854801192488,1.0,1.0,0,96.377164,0.028197395908137034,1.0375901909709648,99.7,-0.29999999999999716,199.4,-0.5999999999999943,70.5,-0.21067811865474084,1.0,1.0,0
98500,96.35307633333333,0.01671369630970781,1.0378495820315081,100.09999999999998,0.0999999999999801,200.1,0.09999999999999432,70.76666666666667,0.05598854801192488,1.0,1.0,0,96.35307633333333,0.028197917943236877,1.0378495820315081,99.7,-0.29999999999999716,199.4,-0.5999999999999943,70.5,-0.21067811865474084,1.0,1.0,0
99000,96.31560666666667,0.004635545311319696,1.0382533367212694,100.0,0.0,200.1,0.09999999999999432,70.7,-0.010678118654738,1.0,1.0,0,96.337018,0.023178303906882622,1.0380225802712721,99.7,-0.29999999999999716,199.4,-0.5999999999999943,70.5,-0.21067811865474084,1.0,1.0,0
99500,96.31560666666667,0.009271090622647598,1.0382533367212694,100.0,0.0,200.1,0.09999999999999432,70.7,-0.010678118654738,1.0,1.0,0,96.3504,0.013906635933967293,1.0378784104684569,99.7,-0.29999999999999716,199.4,-0.5999999999999943,70.5,-0.21067811865474084,1.0,1.0,0
100000,96.29419533333333,0.04248660844705445,1.0384841957901887,100.0,0.0,200.03333333333333,0.03333333333333144,70.7,-0.010678118654738,1.0,1.0,0,96.34504733333334,0.062366557523514096,1.0379360721472408,99.7,-0.29999999999999716,199.4,-0.5999999999999943,70.5,-0.21067811865474084,1.0,1.0,0
100500,96.30757766666666,0.004635545311319696,1.0383398941474087,100.03333333333335,0.03333333333334565,200.1,0.09999999999999432,70.7,-0.010678118654738,1.0,1.0,0,96.30490133333335,0.009271090622647598,1.0383687498300536,99.7,-0.29999999999999716,199.4,-0.5999999999999943,70.5,-0.21067811865474084,1.0,1.0,0
101000,96.275461,0.030397875698802982,1.0386862754154975,100.0,0.0,200.03333333333333,0.03333333333333144,70.7,-0.010678118654738,1.0,1.0,0,96.31293033333333,0.004635545311319696,1.0382821875931503,99.7,-0.29999999999999716,199.4,-0.5999999999999943,70.5,-0.21067811865474084,1.0,1.0,0
101500,96.26475533333333,0.033428353389505935,1.0388017883983889,100.0,0.0,200.0,0.0,70.7,-0.010678118654738,1.0,1.0,0,96.27546066666666,0.009271090622647598,1.0386862790117284,99.7,-0.29999999999999716,199.4,-0.5999999999999943,70.5,-0.21067811865474084,1.0,1.0,0
102000,96.270108,0.008029000000000508,1.0387440304938684,100.0,0.0,200.0666666666667,0.0666666666666913,70.7,-0.010678118654738,1.0,1.0,0,96.25404933333334,0.02124330422352991,1.0389173306745176,99.7,-0.29999999999999716,199.4,-0.5999999999999943,70.5,-0.21067811865474084,1.0,1.0,0
102500,96.25137333333333,0.012265045631119059,1.0389462148626658,100.0,0.0,200.0666666666667,0.0666666666666913,70.7,-0.010678118654738,1.0,1.0,0,96.21925599999999,0.023178303906890827,1.0392930080440448,99.7,-0.29999999999999716,199.4,-0.5999999999999943,70.5,-0.21067811865474084,1.0,1.0,0
103000,96.251373,0.016714256758825683,1.0389462184606966,100.0,0.0,200.1,0.09999999999999432,70.7,-0.010678118654738,1.0,1.0,0,96.24602,0.0,1.0390040024512182,99.7,-0.29999999999999716,199.4,-0.5999999999999943,70.5,-0.21067811865474084,1.0,1.0,0
103500,96.229962,0.008028999999993403,1.039177382196202,100.0,0.0,200.1,0.09999999999999432,70.7,-0.010678118654738,1.0,1.0,0,96.21658000000001,0.020206337149514562,1.0393219131255755,99.7,-0.29999999999999716,199.4333333333333,-0.5666666666666913,70.5,-0.21067811865474084,1.0,1.0,0
104000,96.25137333333333,0.03342795306825382,1.0389462148626658,100.09999999999998,0.0999999999999801,200.13333333333333,0.13333333333332575,70.73333333333333,0.02265521467859344,1.0,1.0,0,96.203198,0.016714256758833645,1.03946648426386,99.7,-0.29999999999999716,199.5,-0.5,70.5,-0.21067811865474084,1.0,1.0,0
104500,96.21390333333333,0.028949525891343825,1.0393508270166498,100.03333333333335,0.03333333333334565,200.13333333333333,0.13333333333332575,70.73333333333333,0.02265521467859344,1.0,1.0,0,96.20052133333333,0.004635545311319696,1.0394954061995312,99.7,-0.29999999999999716,199.5,-0.5,70.5,-0.21067811865474084,1.0,1.0,0
105000,96.17375733333334,0.028949525891335943,1.0397846852692372,100.0,0.0,200.03333333333333,0.03333333333333144,70.7,-0.010678118654738,1.0,1.0,0,96.171081,0.023178303906890827,1.0398136213109634,99.7,-0.29999999999999716,199.5,-0.5,70.5,-0.21067811865474084,1.3333333333333333,2.0,0
105500,96.15502300000001,0.05465339951914943,1.0399872713877878,100.0,0.0,200.03333333333333,0.03333333333333144,70.7,-0.010678118654738,1.0,1.0,0,96.17108133333333,0.02020640337450524,1.0398136177069224,99.7,-0.29999999999999716,199.5,-0.5,70.5,-0.21067811865474084,1.0,1.0,0
106000,96.16572866666667,0.01390721328424323,1.0398714946217882,100.0,0.0,200.03333333333333,0.03333333333333144,70.7,-0.010678118654738,1.0,1.0,0,96.17643400000001,0.030397875698799856,1.0397557472342964,99.76666666666667,-0.23333333333333428,199.5,-0.5,70.5,-0.21067811865474084,1.0,1.0,0
106500,96.14164099999999,0.013906635933967293,1.0401320277027517,100.0,0.0,200.0,0.0,70.7,-0.010678118654738,1.0,1.0,0,96.14164066666666,0.028949525891343825,1.0401320313090006,99.8,-0.20000000000000284,199.5,-0.5,70.5,-0.21067811865474084,1.0,1.0,0
107000,96.13896433333332,0.03794470221695782,1.0401609866867265,100.0,0.0,200.0666666666667,0.0666666666666913,70.7,-0.010678118654738,1.0,1.0,0,96.14431733333333,0.012264500084929604,1.0401030739372663,99.8,-0.20000000000000284,199.5,-0.5,70.5,-0.21067811865474084,1.0,1.0,0
107500,96.11219999999999,0.023178303906882622,1.0404506399811888,100.0,0.0,200.0,0.0,70.7,-0.010678118654738,1.0,1.0,0,96.11487699999999,0.01671425675882796,1.0404216612585375,99.8,-0.20000000000000284,199.6,-0.4000000000000057,70.6,-0.11067811865474653,1.0,1.0,0
108000,96.09346566666666,0.008029500005188444,1.0406534857103031,100.0,0.0,200.0,0.0,70.7,-0.010678118654738,1.0,1.0,0,96.10684733333333,0.0202064033745043,1.0405085878341613,99.8,-0.20000000000000284,199.5666666666667,-0.4333333333333087,70.6,-0.11067811865474653,1.0,1.0,0
108500,96.09614199999999,0.01671425675882796,1.040624502906683,100.0,0.0,200.0,0.0,70.7,-0.010678118654738,1.0,1.0,0,96.101495,0.008028999999993403,1.0405665385330374,99.8,-0.20000000000000284,199.6,-0.4000000000000057,70.6,-0.11067811865474653,1.0,1.0,0
109000,96.06670166666667,0.028197917943236204,1.04094340978814,100.0,0.0,199.96666666666667,-0.03333333333333144,70.7,-0.010678118654738,1.0,1.0,0,96.08543633333333,0.016058500002594435,1.040740447418967,99.8,-0.20000000000000284,199.6,-0.4000000000000057,70.6,-0.11067811865474653,1.0,1.0,0
109500,96.05331933333332,0.02124330422352454,1.041088436027604,100.0,0.0,200.0,0.0,70.7,-0.010678118654738,1.0,1.0,0,96.06670166666667,0.039607028749119005,1.04094340978814,99.8,-0.20000000000000284,199.6,-0.4000000000000057,70.6,-0.11067811865474653,1.0,1.0,0
110000,96.05331966666667,0.021243304223532596,1.04108843241472,100.0,0.0,200.0,0.0,70.7,-0.010678118654738,1.0,1.0,0,96.05867266666667,0.0046355453113279006,1.0410304163478308,99.8,-0.20000000000000284,199.6,-0.4000000000000057,70.6,-0.11067811865474653,1.0,1.0,0
110500,96.00514433333332,0.01390721328424323,1.0416108500685797,100.0,0.0,199.9333333333333,-0.0666666666666913,70.7,-0.010678118654738,1.0,1.0,0,96.04529033333334,0.01605850000260154,1.0411754668338395,99.8,-0.20000000000000284,199.6,-0.4000000000000057,70.6,-0.11067811865474653,1.0,1.0,0
111000,96.00782066666666,0.012265045631117508,1.0415818139148678,100.0,0.0,199.9333333333333,-0.0666666666666913,70.7,-0.010678118654738,1.0,1.0,0,96.01317366666667,0.008029500005188444,1.041523742847774,99.8,-0.20000000000000284,199.6,-0.4000000000000057,70.6,-0.11067811865474653,1.0,1.0,0
111500,96.00246800000001,0.01671425675882796,1.0416398878412167,100.0,0.0,200.0,0.0,70.7,-0.010678118654738,1.0,1.0,0,95.989086,0.024088000000006105,1.0417851046107471,99.8,-0.20000000000000284,199.6,-0.4000000000000057,70.6,-0.11067811865474653,1.0,1.0,0
112000,95.95964533333334,0.004635545311319696,1.0421047269675887,100.0,0.0,199.9333333333333,-0.0666666666666913,70.7,-0.010678118654738,1.0,1.0,0,95.967675,0.009271667972915329,1.0420175335080275,99.8,-0.20000000000000284,199.6,-0.4000000000000057,70.6,-0.11067811865474653,1.0,1.0,0
112500,95.95161633333333,0.009271090622647598,1.0421919277795455,100.0,0.0,200.0,0.0,70.7,-0.010678118654738,1.0,1.0,0,95.97302766666667,0.03211650000129813,1.0419594174659135,99.8,-0.20000000000000284,199.6,-0.4000000000000057,70.6,-0.11067811865474653,1.0,1.0,0
113000,95.927529,0.01671425675882796,1.0424536214208122,100.0,0.0,199.96666666666667,-0.03333333333333144,70.7,-0.010678118654738,1.0,1.0,0,95.956969,0.013906635933967293,1.0421337922834975,99.8,-0.20000000000000284,199.6,-0.4000000000000057,70.6,-0.11067811865474653,1.0,1.0,0
113500,95.92485233333333,0.008029500005195549,1.04248270982483,100.0,0.0,200.0,0.0,70.7,-0.010678118654738,1.0,1.0,0,95.93288166666667,0.008029500005188444,1.0423954567263511,99.8,-0.20000000000000284,199.6,-0.4000000000000057,70.6,-0.11067811865474653,1.0,1.0,0
114000,95.91949966666668,0.02020640337450524,1.0425408842572534,100.0,0.0,200.03333333333333,0.03333333333333144,70.7,-0.010678118654738,1.0,1.0,0,95.89808833333332,0.03960669087834732,1.0427736541776391,99.8,-0.20000000000000284,199.6,-0.4000000000000057,70.6,-0.11067811865474653,1.0,1.0,0
114500,95.89541200000001,0.009271667972923534,1.0428027568201073,100.0,0.0,200.0,0.0,70.7,-0.010678118654738,1.0,1.0,0,95.90611766666666,0.004635545311319696,1.0426863523718282,99.8,-0.20000000000000284,199.6,-0.4000000000000057,70.6,-0.11067811865474653,1.3333333333333333,2.0,0
115000,95.85258966666667,0.034998746696609004,1.0432686310068011,100.0,0.0,199.9333333333333,-0.0666666666666913,70.7,-0.010678118654738,1.0,1.0,0,95.874001,0.01671425675882796,1.0430356400793162,99.8,-0.20000000000000284,199.63333333333333,-0.36666666666667425,70.6,-0.11067811865474653,1.0,1.0,0
115500,95.84991333333333,0.03794470221695231,1.0432977612847085,100.0,0.0,200.03333333333333,0.03333333333333144,70.7,-0.010678118654738,1.0,1.0,0,95.83117833333334,0.009271090622639392,1.043501726047509,99.8,-0.20000000000000284,199.6,-0.4000000000000057,70.6,-0.11067811865474653,1.0,1.0,0
116000,95.82314933333333,0.03794452588099431,1.0435891608210135,100.0,0.0,199.96666666666667,-0.03333333333333144,70.7,-0.010678118654738,1.0,1.0,0,95.84723666666666,0.012265045631117508,1.0433268968178566,99.8,-0.20000000000000284,199.6,-0.4000000000000057,70.6,-0.11067811865474653,1.0,1.0,0
116500,95.79906133333333,0.004635545311319696,1.0438515639735706,100.0,0.0,200.0,0.0,70.7,-0.010678118654738,1.0,1.0,0,95.836531,0.008029000000000508,1.0434434443375251,99.8,-0.20000000000000284,199.6,-0.4000000000000057,70.6,-0.11067811865474653,1.0,1.0,0
117000,95.79370899999999,0.023178303906890827,1.0439098876524346,100.0,0.0,200.0,0.0,70.7,-0.010678118654738,1.0,1.0,0,95.81779633333333,0.012265045631119059,1.0436474624412935,99.8,-0.20000000000000284,199.69999999999996,-0.3000000000000398,70.6,-0.11067811865474653,1.0,1.0,0
117500,95.78567933333333,0.03244939452953022,1.0439973981079245,100.0,0.0,199.96666666666667,-0.03333333333333144,70.7,-0.010678118654738,1.3333333333333333,2.0,0,95.79638533333333,0.021243304223532596,1.0438807231821927,99.8,-0.20000000000000284,199.69999999999996,-0.3000000000000398,70.6,-0.11067811865474653,1.0,1.0,0
118000,95.774974,0.023178303906882622,1.0441140918503409,100.0,0.0,200.03333333333333,0.03333333333333144,70.7,-0.010678118654738,1.0,1.0,0,95.75891566666667,0.04704715424266774,1.044289185020603,99.8,-0.20000000000000284,199.63333333333333,-0.36666666666667425,70.6,-0.11067811865474653,1.0,1.0,0
118500,95.73750466666667,0.0046355453113279006,1.0445227327385882,100.0,0.0,200.0,0.0,70.7,-0.010678118654738,1.0,1.0,0,95.73215166666667,0.008029500005195549,1.044581138719139,99.8,-0.20000000000000284,199.6,-0.4000000000000057,70.6,-0.11067811865474653,1.0,1.0,0
119000,95.73215166666667,0.021243304223532596,1.044581138719139,100.0,0.0,200.0,0.0,70.7,-0.010678118654738,1.0,1.0,0,95.72679866666665,0.02581019431025786,1.0446395512317632,99.8,-0.20000000000000284,199.6,-0.4000000000000057,70.6,-0.11067811865474653,1.0,1.0,0
119500,95.72144566666667,0.004635545311319696,1.0446979702775556,100.0,0.0,200.0,0.0,70.7,-0.010678118654738,1.0,1.0,0,95.72412266666667,0.027813849218210524,1.0446687544812807,99.8,-0.20000000000000284,199.6,-0.4000000000000057,70.6,-0.11067811865474653,1.0,1.0,0
120000,95.69735833333334,0.016714096635274574,1.0449609241216429,100.0,0.0,200.0,0.0,70.7,-0.010678118654738,1.0,1.0,0,95.70806366666666,0.02124330422352454,1.0448440410233495,99.8,-0.20000000000000284,199.63333333333333,-0.36666666666667425,70.6,-0.11067811865474653,1.0,1.0,0
120500,95.66524166666666,0.004635545311319696,1.0453117376574164,100.0,0.0,200.0,0.0,70.7,-0.010678118654738,1.0,1.0,0,95.68397633333332,0.016058500002594435,1.0451070684147885,99.8,-0.20000000000000284,199.63333333333333,-0.36666666666667425,70.6,-0.11067811865474653,1.0,1.0,0
121000,95.65721266666667,0.009271090622647598,1.0453994760276624,100.0,0.0,200.0,0.0,70.7,-0.010678118654738,1.0,1.0,0,95.667918,0.013906635933967293,1.0452824948066708,99.8,-0.20000000000000284,199.69999999999996,-0.3000000000000398,70.6,-0.11067811865474653,1.0,1.0,0
121500,95.63580133333333,0.027813849218210524,1.045633524326894,100.0,0.0,200.0,0.0,70.7,-0.010678118654738,1.0,1.0,0,95.646507,0.02452954571532071,1.0455164870788225,99.8,-0.20000000000000284,199.66666666666666,-0.3333333333333428,70.6,-0.11067811865474653,1.3333333333333333,2.0,0
122000,95.633125,0.020206337149514562,1.0456627868220347,100.0,0.0,200.0,0.0,70.7,-0.010678118654738,1.3333333333333333,2.0,0,95.62509566666665,0.004635545311319696,1.0457505877806756,99.8,-0.20000000000000284,199.63333333333333,-0.36666666666667425,70.6,-0.11067811865474653,1.0,1.0,0
122500,95.61439,0.023178303906882622,1.0458676774489697,100.0,0.0,200.0,0.0,70.7,-0.010678118654738,1.0,1.0,0,95.622419,0.016714256758825683,1.0457798604739335,99.8,-0.20000000000000284,199.69999999999996,-0.3000000000000398,70.6,-0.11067811865474653,1.3333333333333333,2.0,0
123000,95.58227333333333,0.044221282549616485,1.0462191001804308,100.0,0.0,199.96666666666667,-0.03333333333333144,70.7,-0.010678118654738,1.0,1.0,0,95.601008,0.01226493652654053,1.0460140755001246,99.8,-0.20000000000000284,199.69999999999996,-0.3000000000000398,70.6,-0.11067811865474653,1.0,1.0,0
123500,95.57424400000001,0.028197395908137034,1.0463069945915553,100.0,0.0,200.03333333333333,0.03333333333333144,70.7,-0.010678118654738,1.0,1.0,0,95.56086166666667,0.004635545311319696,1.0464535193164943,99.8,-0.20000000000000284,199.69999999999996,-0.3000000000000398,70.6,-0.11067811865474653,1.0,1.0,0
124000,95.542127,0.016714256758825683,1.0466587163168348,100.0,0.0,200.0,0.0,70.7,-0.010678118654738,1.0,1.0,0,95.566215,0.016714256758833645,1.0463949001223916,99.8,-0.20000000000000284,199.69999999999996,-0.3000000000000398,70.6,-0.11067811865474653,1.0,1.0,0
124500,95.53142166666667,0.024087500001730065,1.0467760057934166,100.0,0.0,200.0,0.0,70.7,-0.010678118654738,1.3333333333333333,2.0,0,95.539451,0.040146000000000015,1.046688032569917,99.8,-0.20000000000000284,199.69999999999996,-0.3000000000000398,70.6,-0.11067811865474653,1.3333333333333333,2.0,0
125000,95.53677466666666,0.004635545311319696,1.0467173541173627,100.0,0.0,200.1,0.09999999999999432,70.7,-0.010678118654738,1.0,1.0,0,95.51268666666665,0.04565579385283885,1.0469813329510225,99.8,-0.20000000000000284,199.69999999999996,-0.3000000000000398,70.6,-0.11067811865474653,1.0,1.0,0
125500,95.515363,0.013906635933967293,1.0469519966123146,100.0,0.0,200.1,0.09999999999999432,70.7,-0.010678118654738,1.3333333333333333,2.0,0,95.51001033333334,0.012264500084931155,1.047010670933826,99.8,-0.20000000000000284,199.69999999999996,-0.3000000000000398,70.6,-0.11067811865474653,1.0,1.0,0
126000,95.493952,0.009271667972923534,1.0471867370197434,100.0,0.0,200.0666666666667,0.0666666666666913,70.7,-0.010678118654738,1.0,1.0,0,95.49127566666668,0.03211650000129813,1.047216086515296,99.86666666666667,-0.13333333333332575,199.69999999999996,-0.3000000000000398,70.6,-0.11067811865474653,1.0,1.0,0
126500,95.46986433333332,0.009271090622647598,1.0474509490329817,100.0,0.0,200.1,0.09999999999999432,70.7,-0.010678118654738,1.3333333333333333,2.0,0,95.48057,0.03244935329092999,1.0473335046072725,99.86666666666667,-0.13333333333332575,199.69999999999996,-0.3000000000000398,70.6,-0.11067811865474653,1.0,1.0,0
127000,95.46451166666667,0.033428353389500245,1.0475096792949603,100.0,0.0,200.03333333333333,0.03333333333333144,70.7,-0.010678118654738,1.0,1.0,0,95.49662833333333,0.012265045631119059,1.0471573891692547,99.86666666666667,-0.13333333333332575,199.69999999999996,-0.3000000000000398,70.6,-0.11067811865474653,1.0,1.0,0
127500,95.45112999999999,0.0,1.047656533767594,100.03333333333335,0.03333333333334565,200.1,0.09999999999999432,70.7,-0.010678118654738,1.6666666666666667,2.0,0,95.45380599999999,0.023178303906882622,1.0476271632374723,99.90000000000002,-0.0999999999999801,199.69999999999996,-0.3000000000000398,70.6,-0.11067811865474653,1.0,1.0,0
128000,95.39760133333333,0.009271090622647598,1.0482443856275296,100.0,0.0,200.0,0.0,70.7,-0.010678118654738,1.0,1.0,0,95.435071,0.008029000000000508,1.0478328244760253,99.90000000000002,-0.0999999999999801,199.69999999999996,-0.3000000000000398,70.6,-0.11067811865474653,1.0,1.0,0
128500,95.41901266666666,0.016058500002594435,1.0480091672016811,100.09999999999998,0.0999999999999801,200.1,0.09999999999999432,70.8,0.08932188134525632,1.0,1.0,0,95.44845333333335,0.028197443365191276,1.0476859132622227,99.90000000000002,-0.0999999999999801,199.69999999999996,-0.3000000000000398,70.6,-0.11067811865474653,1.0,1.0,0
129000,95.394925,0.008029000000000508,1.0482737944392744,100.03333333333335,0.03333333333334565,200.1,0.09999999999999432,70.7,-0.010678118654738,1.3333333333333333,2.0,0,95.42971866666666,0.02581019431025786,1.0478915939100397,99.90000000000002,-0.0999999999999801,199.76666666666665,-0.2333333333333485,70.6,-0.11067811865474653,1.6666666666666667,2.0,0
129500,95.37886666666667,0.021243115245488872,1.0484502856328062,100.06666666666666,0.06666666666666288,200.13333333333333,0.13333333333332575,70.73333333333333,0.02265521467859344,1.3333333333333333,2.0,0,95.373514,0.012264936526532776,1.048509128016401,99.90000000000002,-0.0999999999999801,199.73333333333335,-0.2666666666666515,70.6,-0.11067811865474653,1.0,1.0,0
130000,95.36280833333335,0.016058500002594435,1.0486268362657454,100.06666666666666,0.06666666666666288,200.1,0.09999999999999432,70.73333333333333,0.02265521467859344,1.0,1.0,0,95.36548499999999,0.009271667972923534,1.048597403976921,99.90000000000002,-0.0999999999999801,199.69999999999996,-0.3000000000000398,70.6,-0.11067811865474653,1.0,1.0,0
130500,95.34139733333335,0.004635545311319696,1.048862328400529,100.03333333333335,0.03333333333334565,200.1,0.09999999999999432,70.7,-0.010678118654738,1.0,1.0,0,95.36013200000001,0.020206337149514562,1.0486562665412418,99.90000000000002,-0.0999999999999801,199.69999999999996,-0.3000000000000398,70.6,-0.11067811865474653,1.6666666666666667,2.0,0
131000,95.33604466666668,0.036205764214190854,1.048921217044827,100.09999999999998,0.0999999999999801,200.19999999999996,0.1999999999999602,70.8,0.08932188134525632,1.6666666666666667,2.0,0,95.33604433333333,0.012265045631119059,1.0489212207122796,99.90000000000002,-0.0999999999999801,199.69999999999996,-0.3000000000000398,70.6,-0.11067811865474653,1.3333333333333333,2.0,0
131500,95.29857466666665,0.013907213284235026,1.0493336374628675,100.06666666666666,0.06666666666666288,200.1,0.09999999999999432,70.76666666666667,0.05598854801192488,1.6666666666666667,2.0,0,95.311957,0.020206337149514562,1.049186305134832,99.90000000000002,-0.0999999999999801,199.76666666666665,-0.2333333333333485,70.6,-0.11067811865474653,1.3333333333333333,2.0,0
132000,95.29054566666666,0.02124330422352454,1.0494220523178381,100.09999999999998,0.0999999999999801,200.1,0.09999999999999432,70.8,0.08932188134525632,1.3333333333333333,2.0,0,95.31463333333333,0.01390721328424323,1.0491568451014341,99.90000000000002,-0.0999999999999801,199.80000000000004,-0.1999999999999602,70.6,-0.11067811865474653,1.3333333333333333,2.0,0
132500,95.28251633333332,0.01390721328424323,1.0495104857449733,100.09999999999998,0.0999999999999801,200.16666666666666,0.1666666666666572,70.8,0.08932188134525632,1.3333333333333333,2.0,0,95.293222,0.02020633714952115,1.0493925790440792,99.90000000000002,-0.0999999999999801,199.80000000000004,-0.1999999999999602,70.6,-0.11067811865474653,1.6666666666666667,2.0,0
133000,95.25842899999999,0.03211700000000661,1.0497758681281633,100.09999999999998,0.0999999999999801,200.19999999999996,0.1999999999999602,70.8,0.08932188134525632,1.3333333333333333,2.0,0,95.27181066666667,0.004635545311319696,1.0496284189441527,99.90000000000002,-0.0999999999999801,199.80000000000004,-0.1999999999999602,70.6,-0.11067811865474653,1.3333333333333333,2.0,0
133500,95.24237033333333,0.008029500005188444,1.0499528691906315,100.09999999999998,0.0999999999999801,200.1,0.09999999999999432,70.8,0.08932188134525632,1.3333333333333333,2.0,0,95.25575233333332,0.03342795306825382,1.0498053666099334,99.90000000000002,-0.0999999999999801,199.80000000000004,-0.1999999999999602,70.6,-0.11067811865474653,1.0,1.0,0
134000,95.25575233333332,0.02020640337450524,1.0498053666099334,100.09999999999998,0.0999999999999801,200.19999999999996,0.1999999999999602,70.8,0.08932188134525632,1.3333333333333333,2.0,0,95.25575233333332,0.016714096635274574,1.0498053666099334,99.90000000000002,-0.0999999999999801,199.80000000000004,-0.1999999999999602,70.6,-0.11067811865474653,1.3333333333333333,2.0,0
134500,95.21025366666667,0.008029500005188444,1.0503070430849006,100.09999999999998,0.0999999999999801,200.13333333333333,0.13333333333332575,70.8,0.08932188134525632,1.6666666666666667,2.0,0,95.21828266666667,0.02124330422352991,1.050218479050634,99.90000000000002,-0.0999999999999801,199.80000000000004,-0.1999999999999602,70.6,-0.11067811865474653,1.3333333333333333,2.0,0
135000,95.21293033333335,0.0362057642141835,1.0502775164035754,100.09999999999998,0.0999999999999801,200.23333333333335,0.2333333333333485,70.8,0.08932188134525632,1.3333333333333333,2.0,0,95.21560633333333,0.028197443365191276,1.0502479987358095,99.90000000000002,-0.0999999999999801,199.80000000000004,-0.1999999999999602,70.6,-0.11067811865474653,1.6666666666666667,2.0,0
135500,95.18616566666667,0.02124330422352991,1.0505728358697728,100.09999999999998,0.0999999999999801,200.16666666666666,0.1666666666666572,70.8,0.08932188134525632,1.3333333333333333,2.0,0,95.199548,0.009271667972923534,1.0504251553799395,99.90000000000002,-0.0999999999999801,199.80000000000004,-0.1999999999999602,70.63333333333333,-0.07734478532141509,1.3333333333333333,2.0,0
136000,95.16743100000001,0.009271667972923534,1.0507796517066852,100.09999999999998,0.0999999999999801,200.19999999999996,0.1999999999999602,70.8,0.08932188134525632,1.3333333333333333,2.0,0,95.18884233333334,0.012264500084931155,1.0505432942426056,99.90000000000002,-0.0999999999999801,199.80000000000004,-0.1999999999999602,70.6,-0.11067811865474653,1.6666666666666667,2.0,0
136500,95.14869633333335,0.01671369630970781,1.0509865489871888,100.09999999999998,0.0999999999999801,200.13333333333333,0.13333333333332575,70.8,0.08932188134525632,2.0,2.0,0,95.186166,0.02894994191704153,1.050572832190762,99.90000000000002,-0.0999999999999801,199.80000000000004,-0.1999999999999602,70.6,-0.11067811865474653,1.6666666666666667,2.0,0
137000,95.11657966666667,0.02020640337450524,1.0513414207117953,100.09999999999998,0.0999999999999801,200.19999999999996,0.1999999999999602,70.8,0.08932188134525632,2.0,2.0,0,95.14334333333333,0.018542758595562925,1.051045680091895,99.90000000000002,-0.0999999999999801,199.80000000000004,-0.1999999999999602,70.6,-0.11067811865474653,2.0,2.0,0
137500,95.14334366666667,0.012264500084929604,1.0510456764095717,100.09999999999998,0.0999999999999801,200.19999999999996,0.1999999999999602,70.8,0.08932188134525632,2.0,2.0,0,95.13531433333333,0.028197443365191276,1.0511343837013234,99.90000000000002,-0.0999999999999801,199.80000000000004,-0.1999999999999602,70.6,-0.11067811865474653,2.0,2.0,0
138000,95.10052133333333,0.012264500084929604,1.0515189464576506,100.09999999999998,0.0999999999999801,200.19999999999996,0.1999999999999602,70.8,0.08932188134525632,1.3333333333333333,2.0,0,95.124609,0.01671425675882796,1.0512526784735587,99.90000000000002,-0.0999999999999801,199.80000000000004,-0.1999999999999602,70.6,-0.11067811865474653,2.0,2.0,0
138500,95.08178633333334,0.008029500005188444,1.0517261386889032,100.09999999999998,0.0999999999999801,200.19999999999996,0.1999999999999602,70.8,0.08932188134525632,1.6666666666666667,2.0,0,95.10587399999999,0.013906635933967293,1.0514597657764022,99.90000000000002,-0.0999999999999801,199.80000000000004,-0.1999999999999602,70.6,-0.11067811865474653,1.6666666666666667,2.0,0
139000,95.07108066666666,0.012264500084931155,1.051844570386392,100.09999999999998,0.0999999999999801,200.19999999999996,0.1999999999999602,70.8,0.08932188134525632,2.0,2.0,0,95.07643366666666,0.016714096635274574,1.0517853493600224,99.90000000000002,-0.0999999999999801,199.80000000000004,-0.1999999999999602,70.6,-0.11067811865474653,1.3333333333333333,2.0,0
139500,95.04966933333333,0.02124330422352991,1.0520815138168043,100.09999999999998,0.0999999999999801,200.19999999999996,0.1999999999999602,70.8,0.08932188134525632,1.6666666666666667,2.0,0,95.05502266666667,0.0362057642141835,1.0520222624182005,99.90000000000002,-0.0999999999999801,199.80000000000004,-0.1999999999999602,70.6,-0.11067811865474653,2.0,2.0,0
140000,95.052346,0.012264936526532776,1.052051887283245,100.09999999999998,0.0999999999999801,200.19999999999996,0.1999999999999602,70.8,0.08932188134525632,2.0,2.0,0,95.04431666666666,0.025810194310260808,1.0521407645100296,99.90000000000002,-0.0999999999999801,199.80000000000004,-0.1999999999999602,70.63333333333333,-0.07734478532141509,2.0,2.0,0
140500,95.02290533333333,0.02020640337451183,1.052377841418418,100.09999999999998,0.0999999999999801,200.19999999999996,0.1999999999999602,70.8,0.08932188134525632,2.0,2.0,0,95.02290566666666,0.02452998215110627,1.0523778377267543,99.90000000000002,-0.0999999999999801,199.80000000000004,-0.1999999999999602,70.6,-0.11067811865474653,1.6666666666666667,2.0,0
141000,94.99614166666667,0.012265045631111304,1.0526743322996364,100.09999999999998,0.0999999999999801,200.19999999999996,0.1999999999999602,70.8,0.08932188134525632,2.0,2.0,0,95.030935,0.04704678447035351,1.0522889204446952,99.90000000000002,-0.0999999999999801,199.80000000000004,-0.1999999999999602,70.7,-0.010678118654738,2.0,2.0,0
141500,94.96670133333333,0.018542758595562925,1.0530006686133044,100.09999999999998,0.0999999999999801,200.19999999999996,0.1999999999999602,70.8,0.08932188134525632,1.6666666666666667,2.0,0,95.00149433333333,0.024087500001730065,1.0526150214977497,99.90000000000002,-0.0999999999999801,199.83333333333334,-0.1666666666666572,70.7,-0.010678118654738,2.0,2.0,0
142000,94.95867199999999,0.01671425675882796,1.0530897062250408,100.09999999999998,0.0999999999999801,200.19999999999996,0.1999999999999602,70.8,0.08932188134525632,1.6666666666666667,2.0,0,94.96134833333333,0.008029500005195549,1.053060026580288,99.90000000000002,-0.0999999999999801,199.80000000000004,-0.1999999999999602,70.6,-0.11067811865474653,1.3333333333333333,2.0,0
142500,94.93726066666666,0.021243115245496928,1.0533272110210665,100.09999999999998,0.0999999999999801,200.19999999999996,0.1999999999999602,70.8,0.08932188134525632,1.6666666666666667,2.0,0,94.972054,0.02020633714952115,1.052941321033238,99.90000000000002,-0.0999999999999801,199.80000000000004,-0.1999999999999602,70.6,-0.11067811865474653,2.0,2.0,0
143000,94.93458399999999,0.023178303906890827,1.0533569094272326,100.09999999999998,0.0999999999999801,200.19999999999996,0.1999999999999602,70.8,0.08932188134525632,2.0,2.0,0,94.93726099999999,0.03679448223579477,1.0533272073227393,99.90000000000002,-0.0999999999999801,199.80000000000004,-0.1999999999999602,70.7,-0.010678118654738,2.0,2.0,0
143500,94.89711466666667,0.021243115245488872,1.0537728186073687,100.09999999999998,0.0999999999999801,200.19999999999996,0.1999999999999602,70.8,0.08932188134525632,2.0,2.0,0,94.89443833333333,0.02020640337451183,1.0538025384452194,99.90000000000002,-0.0999999999999801,199.80000000000004,-0.1999999999999602,70.6,-0.11067811865474653,2.0,2.0,0
144000,94.864998,0.024088000000006105,1.0541295747457877,100.09999999999998,0.0999999999999801,200.19999999999996,0.1999999999999602,70.8,0.08932188134525632,1.6666666666666667,2.0,0,94.88640933333333,0.012265045631119059,1.0538917080179815,99.90000000000002,-0.0999999999999801,199.80000000000004,-0.1999999999999602,70.63333333333333,-0.07734478532141509,2.0,2.0,0
144500,94.883733,0.01671425675882796,1.0539214345624448,100.09999999999998,0.0999999999999801,200.19999999999996,0.1999999999999602,70.8,0.08932188134525632,2.0,2.0,0,94.88373266666667,0.012265045631117508,1.0539214382649462,99.90000000000002,-0.0999999999999801,199.80000000000004,-0.1999999999999602,70.6,-0.11067811865474653,2.0,2.0,0
145000,94.85161633333333,0.044221282549616915,1.054278291353243,100.09999999999998,0.0999999999999801,200.23333333333335,0.2333333333333485,70.8,0.08932188134525632,2.0,2.0,0,94.88105633333333,0.021243304223532596,1.0539511664866266,99.90000000000002,-0.0999999999999801,199.80000000000004,-0.1999999999999602,70.63333333333333,-0.07734478532141509,1.6666666666666667,2.0,0
145500,94.84091033333334,0.016058500002594435,1.0543973022668618,100.09999999999998,0.0999999999999801,200.19999999999996,0.1999999999999602,70.8,0.08932188134525632,1.6666666666666667,2.0,0,94.84893933333332,0.01390721328424323,1.054308047120738,99.90000000000002,-0.0999999999999801,199.80000000000004,-0.1999999999999602,70.66666666666667,-0.04401145198806944,2.0,2.0,0
146000,94.81949900000001,0.03244997187980615,1.0546353973036706,100.09999999999998,0.0999999999999801,200.19999999999996,0.1999999999999602,70.8,0.08932188134525632,2.0,2.0,0,94.84358666666667,0.03794470221695231,1.054367548872396,99.90000000000002,-0.0999999999999801,199.86666666666667,-0.13333333333332575,70.7,-0.010678118654738,2.0,2.0,0
146500,94.77400033333333,0.024529436608559836,1.0551417018199727,100.09999999999998,0.0999999999999801,200.19999999999996,0.1999999999999602,70.8,0.08932188134525632,2.0,2.0,0,94.81147033333333,0.004635545311319696,1.0547247041779344,99.90000000000002,-0.0999999999999801,199.80000000000004,-0.1999999999999602,70.66666666666667,-0.04401145198806944,1.6666666666666667,2.0,0
147000,94.78202966666667,0.012264500084931155,1.055052316896822,100.09999999999998,0.0999999999999801,200.19999999999996,0.1999999999999602,70.8,0.08932188134525632,2.0,2.0,0,94.803441,0.009271667972923534,1.0548140335961012,99.90000000000002,-0.0999999999999801,199.86666666666667,-0.13333333333332575,70.7,-0.010678118654738,2.0,2.0,0
147500,94.76329466666668,0.012265045631119059,1.055260904042579,100.09999999999998,0.0999999999999801,200.19999999999996,0.1999999999999602,70.8,0.08932188134525632,1.6666666666666667,2.0,0,94.77935333333335,0.004635545311319696,1.0550821089515767,99.90000000000002,-0.0999999999999801,199.80000000000004,-0.1999999999999602,70.66666666666667,-0.04401145198806944,2.0,2.0,0
148000,94.757942,0.009271667972915329,1.055320513398233,100.09999999999998,0.0999999999999801,200.23333333333335,0.2333333333333485,70.8,0.08932188134525632,2.0,2.0,0,94.771324,0.01671425675882796,1.0551714989230285,99.90000000000002,-0.0999999999999801,199.83333333333334,-0.1666666666666572,70.7,-0.010678118654738,2.0,2.0,0
148500,94.73920700000001,0.02452954571532226,1.0555292066145328,100.09999999999998,0.0999999999999801,200.23333333333335,0.2333333333333485,70.8,0.08932188134525632,2.0,2.0,0,94.72850166666667,0.008029500005188444,1.0556484926984575,99.90000000000002,-0.0999999999999801,199.86666666666667,-0.13333333333332575,70.7,-0.010678118654738,2.0,2.0,0
149000,94.70441366666667,0.02124330422352991,1.0559169961388741,100.09999999999998,0.0999999999999801,200.19999999999996,0.1999999999999602,70.8,0.08932188134525632,2.0,2.0,0,94.72582533333333,0.02020640337451183,1.0556783184322462,99.90000000000002,-0.0999999999999801,199.80000000000004,-0.1999999999999602,70.63333333333333,-0.07734478532141509,2.0,2.0,0
149500,94.69906099999999,0.02020633714952115,1.0559766796420507,100.09999999999998,0.0999999999999801,200.23333333333335,0.2333333333333485,70.8,0.08932188134525632,2.0,2.0,0,94.72582533333333,0.02020640337451183,1.0556783184322462,99.90000000000002,-0.0999999999999801,199.9,-0.09999999999999432,70.7,-0.010678118654738,2.0,2.0,0
150000,94.66694433333333,0.01671369630970781,1.0563349298345193,100.09999999999998,0.0999999999999801,200.19999999999996,0.1999999999999602,70.8,0.08932188134525632,2.0,2.0,0,94.68567933333333,0.004636122661595633,1.0561259179221605,99.90000000000002,-0.0999999999999801,199.83333333333334,-0.1666666666666572,70.7,-0.010678118654738,1.6666666666666667,2.0,0
150500,94.64553333333333,0.02581019431025786,1.0565738971305567,100.09999999999998,0.0999999999999801,200.19999999999996,0.1999999999999602,70.8,0.08932188134525632,1.6666666666666667,2.0,0,94.66426799999999,0.03679448223579477,1.0563647943699306,99.90000000000002,-0.0999999999999801,199.80000000000004,-0.1999999999999602,70.63333333333333,-0.07734478532141509,1.6666666666666667,2.0,0
151000,94.63215133333334,0.01390721328424323,1.0567233079987677,100.09999999999998,0.0999999999999801,200.19999999999996,0.1999999999999602,70.8,0.08932188134525632,2.0,2.0,0,94.650886,0.016714256758833645,1.056514146101073,99.90000000000002,-0.0999999999999801,199.80000000000004,-0.1999999999999602,70.7,-0.010678118654738,2.0,2.0,0
151500,94.61074,0.01671425675882796,1.0569624547910734,100.09999999999998,0.0999999999999801,200.16666666666666,0.1666666666666572,70.8,0.08932188134525632,2.0,2.0,0,94.62947466666667,0.012264500084929604,1.0567531982212843,99.90000000000002,-0.0999999999999801,199.80000000000004,-0.1999999999999602,70.7,-0.010678118654738,1.6666666666666667,2.0,0
152000,94.59200533333335,0.021243115245488872,1.0571717942505752,100.09999999999998,0.0999999999999801,200.19999999999996,0.1999999999999602,70.8,0.08932188134525632,2.0,2.0,0,94.61073966666667,0.025810194310260808,1.0569624585149722,99.90000000000002,-0.0999999999999801,199.80000000000004,-0.1999999999999602,70.7,-0.010678118654738,2.0,2.0,0
152500,94.56791766666667,0.01390721328424323,1.0574410695229681,100.09999999999998,0.0999999999999801,200.16666666666666,0.1666666666666572,70.8,0.08932188134525632,2.0,2.0,0,94.61609266666666,0.01390721328424323,1.0569026598075753,99.90000000000002,-0.0999999999999801,199.83333333333334,-0.1666666666666572,70.7,-0.010678118654738,2.0,2.0,0
153000,94.54918266666668,0.009271090622647598,1.0576506023595167,100.09999999999998,0.0999999999999801,200.19999999999996,0.1999999999999602,70.8,0.08932188134525632,2.0,2.0,0,94.56791766666667,0.01605850000260154,1.0574410695229681,99.90000000000002,-0.0999999999999801,199.80000000000004,-0.1999999999999602,70.66666666666667,-0.04401145198806944,2.0,2.0,0
153500,94.55453566666667,0.03794470221695782,1.0575907257641266,100.09999999999998,0.0999999999999801,200.30000000000004,0.3000000000000398,70.8,0.08932188134525632,2.0,2.0,0,94.56524133333333,0.012265045631119059,1.0574709966372282,99.90000000000002,-0.0999999999999801,199.80000000000004,-0.1999999999999602,70.66666666666667,-0.04401145198806944,2.0,2.0,0
154000,94.54918266666668,0.009271090622647598,1.0576506023595167,100.09999999999998,0.0999999999999801,200.23333333333335,0.2333333333333485,70.8,0.08932188134525632,2.0,2.0,0,94.54650666666667,0.02020640337451183,1.057680537606325,99.90000000000002,-0.0999999999999801,199.86666666666667,-0.13333333333332575,70.7,-0.010678118654738,2.0,2.0,0
154500,94.49297866666666,0.004635545311319696,1.0582796881952456,100.09999999999998,0.0999999999999801,200.19999999999996,0.1999999999999602,70.8,0.08932188134525632,1.6666666666666667,2.0,0,94.51974233333333,0.052651198897400435,1.0579800318047843,99.90000000000002,-0.0999999999999801,199.83333333333334,-0.1666666666666572,70.7,-0.010678118654738,2.0,2.0,0
155000,94.48227266666667,0.02020640337451183,1.0583996042601542,100.09999999999998,0.0999999999999801,200.19999999999996,0.1999999999999602,70.8,0.08932188134525632,2.0,2.0,0,94.503684,0.01605799999999391,1.0581598067647817,99.90000000000002,-0.0999999999999801,199.80000000000004,-0.1999999999999602,70.63333333333333,-0.07734478532141509,2.0,2.0,0
155500,94.455509,0.0,1.0586994984061755,100.09999999999998,0.0999999999999801,200.19999999999996,0.1999999999999602,70.8,0.08932188134525632,2.0,2.0,0,94.49030166666667,0.04422143385659805,1.0583096702640435,99.90000000000002,-0.0999999999999801,199.80000000000004,-0.1999999999999602,70.66666666666667,-0.04401145198806944,1.6666666666666667,2.0,0
156000,94.458185,0.02452954571532071,1.0586695054536566,100.09999999999998,0.0999999999999801,200.23333333333335,0.2333333333333485,70.8,0.08932188134525632,2.0,2.0,0,94.495655,0.042486419465518926,1.0582497152911423,99.90000000000002,-0.0999999999999801,199.83333333333334,-0.1666666666666572,70.7,-0.010678118654738,2.0,2.0,0
156500,94.42874466666666,0.012264500084931155,1.0589995700249946,100.09999999999998,0.0999999999999801,200.19999999999996,0.1999999999999602,70.8,0.08932188134525632,2.0,2.0,0,94.46353799999999,0.013906635933967293,1.05860951343999,99.90000000000002,-0.0999999999999801,199.80000000000004,-0.1999999999999602,70.7,-0.010678118654738,2.0,2.0,0
157000,94.42071566666668,0.0046355453113279006,1.0590896213181635,100.09999999999998,0.0999999999999801,200.19999999999996,0.1999999999999602,70.8,0.08932188134525632,2.0,2.0,0,94.43945033333334,0.024087500001730065,1.0588795217151323,99.90000000000002,-0.0999999999999801,199.80000000000004,-0.1999999999999602,70.7,-0.010678118654738,2.0,2.0,0
157500,94.37254033333333,0.012265045631119059,1.0596302658251002,100.09999999999998,0.0999999999999801,200.16666666666666,0.1666666666666572,70.8,0.08932188134525632,2.0,2.0,0,94.41001,0.01226493652654053,1.059209717274683,99.90000000000002,-0.0999999999999801,199.86666666666667,-0.13333333333332575,70.7,-0.010678118654738,2.0,2.0,0
158000,94.364511,0.01671425675882796,1.0597204281596924,100.09999999999998,0.0999999999999801,200.16666666666666,0.1666666666666572,70.8,0.08932188134525632,2.0,2.0,0,94.39662766666667,0.04041274051995654,1.0593598783329417,99.90000000000002,-0.0999999999999801,199.83333333333334,-0.1666666666666572,70.66666666666667,-0.04401145198806944,1.6666666666666667,2.0,0
158500,94.38056966666666,0.016713696309713498,1.0595401188314506,100.09999999999998,0.0999999999999801,200.23333333333335,0.2333333333333485,70.8,0.08932188134525632,2.0,2.0,0,94.37789333333335,0.009271090622647598,1.0595701648775941,99.90000000000002,-0.0999999999999801,199.80000000000004,-0.1999999999999602,70.6,-0.11067811865474653,2.0,2.0,0
159000,94.30830666666667,0.028197917943236204,1.0603519831339,100.09999999999998,0.0999999999999801,200.19999999999996,0.1999999999999602,70.8,0.08932188134525632,2.0,2.0,0,94.369864,0.009271667972923534,1.059660316984244,99.90000000000002,-0.0999999999999801,199.80000000000004,-0.1999999999999602,70.7,-0.010678118654738,2.0,2.0,0
159500,94.33239400000001,0.023178303906882622,1.0600812272399234,100.09999999999998,0.0999999999999801,200.19999999999996,0.1999999999999602,70.8,0.08932188134525632,2.0,2.0,0,94.324365,0.016714256758833645,1.0601714625908163,99.90000000000002,-0.0999999999999801,199.80000000000004,-0.1999999999999602,70.7,-0.010678118654738,2.0,2.0,0
160000,94.265484,0.061324027949902174,1.0608336769373612,100.09999999999998,0.0999999999999801,200.16666666666666,0.1666666666666572,70.8,0.08932188134525632,2.0,2.0,0,94.29492466666666,0.016058500002594435,1.0605024645122825,99.90000000000002,-0.0999999999999801,199.80000000000004,-0.1999999999999602,70.6,-0.11067811865474653,2.0,2.0,0
160500,94.27619,0.02452954571532071,1.0607132087115527,100.09999999999998,0.0999999999999801,200.16666666666666,0.1666666666666572,70.8,0.08932188134525632,2.0,2.0,0,94.308307,0.02020633714952115,1.060351979386079,99.90000000000002,-0.0999999999999801,199.80000000000004,-0.1999999999999602,70.6,-0.11067811865474653,2.0,2.0,0
161000,94.254779,0.008029000000000508,1.0609541612738809,100.09999999999998,0.0999999999999801,200.19999999999996,0.1999999999999602,70.8,0.08932188134525632,2.0,2.0,0,94.26013166666667,0.01671369630970781,1.0608939138089823,99.90000000000002,-0.0999999999999801,199.80000000000004,-0.1999999999999602,70.6,-0.11067811865474653,2.0,2.0,0
161500,94.21998566666667,0.004635545311319696,1.0613459479157847,100.09999999999998,0.0999999999999801,200.1,0.09999999999999432,70.8,0.08932188134525632,2.0,2.0,0,94.25745533333334,0.012264500084931155,1.0609240366861024,99.90000000000002,-0.0999999999999801,199.80000000000004,-0.1999999999999602,70.6,-0.11067811865474653,2.0,2.0,0
162000,94.21998566666667,0.02452998215110627,1.0613459479157847,100.09999999999998,0.0999999999999801,200.16666666666666,0.1666666666666572,70.8,0.08932188134525632,2.0,2.0,0,94.26013166666667,0.0046355453113279006,1.0608939138089823,99.90000000000002,-0.0999999999999801,199.80000000000004,-0.1999999999999602,70.63333333333333,-0.07734478532141509,2.0,2.0,0
162500,94.18519233333332,0.024529982151100065,1.0617380240206693,100.09999999999998,0.0999999999999801,200.19999999999996,0.1999999999999602,70.8,0.08932188134525632,2.0,2.0,0,94.22533866666667,0.02020640337451183,1.0612856521934284,99.90000000000002,-0.0999999999999801,199.80000000000004,-0.1999999999999602,70.66666666666667,-0.04401145198806944,2.0,2.0,0
163000,94.17181066666667,0.004635545311319696,1.0618888953294416,100.09999999999998,0.0999999999999801,200.19999999999996,0.1999999999999602,70.8,0.08932188134525632,2.0,2.0,0,94.19322199999999,0.023178303906882622,1.061647514297791,99.90000000000002,-0.0999999999999801,199.80000000000004,-0.1999999999999602,70.6,-0.11067811865474653,2.0,2.0,0
163500,94.14504633333333,0.012264500084931155,1.0621907778975053,100.09999999999998,0.0999999999999801,200.1,0.09999999999999432,70.8,0.08932188134525632,2.0,2.0,0,94.17983966666667,0.028197917943236877,1.0617983673993583,99.90000000000002,-0.0999999999999801,199.80000000000004,-0.1999999999999602,70.63333333333333,-0.07734478532141509,2.0,2.0,0
164000,94.134341,0.0289499419170435,1.0623115744763114,100.09999999999998,0.0999999999999801,200.16666666666666,0.1666666666666572,70.8,0.08932188134525632,2.0,2.0,0,94.16110466666667,0.025810194310260808,1.062009630770616,99.90000000000002,-0.0999999999999801,199.80000000000004,-0.1999999999999602,70.6,-0.11067811865474653,2.0,2.0,0
164500,94.12095866666668,0.02020640337450524,1.0624626163674575,100.09999999999998,0.0999999999999801,200.13333333333333,0.13333333333332575,70.8,0.08932188134525632,2.0,2.0,0,94.14504666666666,0.02581019431025786,1.0621907741366745,99.90000000000002,-0.0999999999999801,199.80000000000004,-0.1999999999999602,70.6,-0.11067811865474653,2.0,2.0,0
165000,94.09151833333334,0.012265045631117508,1.0627950507264106,100.09999999999998,0.0999999999999801,200.13333333333333,0.13333333333332575,70.8,0.08932188134525632,2.0,2.0,0,94.12631166666667,0.016058500002594435,1.062402193704711,99.90000000000002,-0.0999999999999801,199.80000000000004,-0.1999999999999602,70.6,-0.11067811865474653,2.0,2.0,0
165500,94.07545966666667,0.0046355453113279006,1.0629764696800363,100.09999999999998,0.0999999999999801,200.1,0.09999999999999432,70.8,0.08932188134525632,2.0,2.0,0,94.07813633333332,0.03679404580000921,1.0629462263759628,99.90000000000002,-0.0999999999999801,199.80000000000004,-0.1999999999999602,70.6,-0.11067811865474653,2.0,2.0,0
166000,94.048696,0.023178303906882622,1.063278963485044,100.09999999999998,0.0999999999999801,200.16666666666666,0.1666666666666572,70.8,0.08932188134525632,2.0,2.0,0,94.05940133333333,0.018542758595562925,1.0631579468129297,99.90000000000002,-0.0999999999999801,199.73333333333335,-0.2666666666666515,70.6,-0.11067811865474653,2.0,2.0,0
166500,94.03263733333334,0.009271090622639392,1.063460547698063,100.09999999999998,0.0999999999999801,200.1,0.09999999999999432,70.8,0.08932188134525632,2.0,2.0,0,94.05404866666667,0.021243115245496928,1.0632184517054246,99.90000000000002,-0.0999999999999801,199.69999999999996,-0.3000000000000398,70.6,-0.11067811865474653,2.0,2.0,0
167000,94.01390299999998,0.0,1.063672465550122,100.09999999999998,0.0999999999999801,200.1,0.09999999999999432,70.8,0.08932188134525632,2.0,2.0,0,94.00587333333333,0.027813849218210524,1.063763320887539,99.90000000000002,-0.0999999999999801,199.69999999999996,-0.3000000000000398,70.6,-0.11067811865474653,2.0,2.0,0
167500,93.98713866666667,0.012264500084929604,1.0639753632106883,100.09999999999998,0.0999999999999801,200.1,0.09999999999999432,70.73333333333333,0.02265521467859344,2.0,2.0,0,93.98981500000001,0.0289499419170435,1.0639450668138881,99.86666666666667,-0.13333333333332575,199.69999999999996,-0.3000000000000398,70.6,-0.11067811865474653,2.0,2.0,0
168000,93.97910933333333,0.02581019431025786,1.064066266528567,100.06666666666666,0.06666666666666288,200.1,0.09999999999999432,70.76666666666667,0.05598854801192488,2.0,2.0,0,93.981786,0.016058000000001016,1.0640359611808186,99.90000000000002,-0.0999999999999801,199.69999999999996,-0.3000000000000398,70.6,-0.11067811865474653,2.0,2.0,0
168500,93.97375699999999,0.013906635933967293,1.0641268710795506,100.09999999999998,0.0999999999999801,200.1,0.09999999999999432,70.8,0.08932188134525632,2.0,2.0,0,93.97910966666666,0.028197917943236204,1.0640662627544437,99.90000000000002,-0.0999999999999801,199.69999999999996,-0.3000000000000398,70.6,-0.11067811865474653,2.0,2.0,0
169000,93.94699266666667,0.009271090622639392,1.0644300276306875,100.09999999999998,0.0999999999999801,200.1,0.09999999999999432,70.76666666666667,0.05598854801192488,2.0,2.0,0,93.91755233333333,0.034998746696613896,1.064763694491087,99.90000000000002,-0.0999999999999801,199.69999999999996,-0.3000000000000398,70.6,-0.11067811865474653,2.0,2.0,0
169500,93.90417033333334,0.016713696309713498,1.0649154307527364,100.03333333333335,0.03333333333334565,200.1,0.09999999999999432,70.73333333333333,0.02265521467859344,2.0,2.0,0,93.90417033333334,0.030398227881464745,1.0649154307527364,99.8,-0.20000000000000284,199.69999999999996,-0.3000000000000398,70.6,-0.11067811865474653,2.0,2.0,0
170000,93.88811199999999,0.020206337149514562,1.06509757060617,100.03333333333335,0.03333333333334565,200.1,0.09999999999999432,70.73333333333333,0.02265521467859344,2.0,2.0,0,93.90952333333333,0.024087500001730065,1.064854728790907,99.86666666666667,-0.13333333333332575,199.69999999999996,-0.3000000000000398,70.6,-0.11067811865474653,2.0,2.0,0
170500,93.83726033333333,0.028949525891337913,1.0656747612278437,100.0,0.0,200.0666666666667,0.0666666666666913,70.7,-0.010678118654738,2.0,2.0,0,93.87205366666667,0.018542758595562925,1.0652797727755403,99.86666666666667,-0.13333333333332575,199.69999999999996,-0.3000000000000398,70.6,-0.11067811865474653,2.0,2.0,0
171000,93.86670066666666,0.012264500084931155,1.065340523207623,100.0,0.0,200.1,0.09999999999999432,70.7,-0.010678118654738,2.0,2.0,0,93.86402466666668,0.0202064033745043,1.0653708953470045,99.83333333333333,-0.1666666666666714,199.69999999999996,-0.3000000000000398,70.6,-0.11067811865474653,2.0,2.0,0
171500,93.83726033333333,0.021243304223532596,1.0656747612278437,100.06666666666666,0.06666666666666288,200.1,0.09999999999999432,70.73333333333333,0.02265521467859344,2.0,2.0,0,93.834584,0.02452954571532226,1.0657051562140456,99.83333333333333,-0.1666666666666714,199.69999999999996,-0.3000000000000398,70.6,-0.11067811865474653,2.0,2.0,0
172000,93.82923133333334,0.02124330422352454,1.0657659513882691,100.03333333333335,0.03333333333334565,200.1,0.09999999999999432,70.7,-0.010678118654738,2.0,2.0,0,93.82387833333333,0.012264500084931155,1.065826757285863,99.8,-0.20000000000000284,199.69999999999996,-0.3000000000000398,70.6,-0.11067811865474653,2.0,2.0,0
172500,93.77837933333335,0.02020640337450524,1.0663438706330381,100.0,0.0,200.1,0.09999999999999432,70.7,-0.010678118654738,2.0,2.0,0,93.818526,0.023178303906890827,1.0658875625481474,99.90000000000002,-0.0999999999999801,199.69999999999996,-0.3000000000000398,70.6,-0.11067811865474653,2.0,2.0,0
173000,93.76499766666666,0.02124330422352991,1.066496053841954,100.0,0.0,200.1,0.09999999999999432,70.7,-0.010678118654738,2.0,2.0,0,93.78105599999999,0.024087999999999,1.066313435412798,99.8,-0.20000000000000284,199.69999999999996,-0.3000000000000398,70.6,-0.11067811865474653,2.0,2.0,0
173500,93.74358633333333,0.016713696309713498,1.0667396449333624,100.0,0.0,200.0666666666667,0.0666666666666913,70.7,-0.010678118654738,2.0,2.0,0,93.76232133333333,0.018542758595562925,1.066526495696402,99.8,-0.20000000000000284,199.69999999999996,-0.3000000000000398,70.6,-0.11067811865474653,2.0,2.0,0
174000,93.71682266666666,0.02124330422352991,1.0670442846284005,100.0,0.0,200.1,0.09999999999999432,70.7,-0.010678118654738,2.0,2.0,0,93.73288066666667,0.016058500002594435,1.0668614822115676,99.8,-0.20000000000000284,199.69999999999996,-0.3000000000000398,70.6,-0.11067811865474653,2.0,2.0,0
174500,93.69273500000001,0.028949941917035617,1.0673186133375228,100.0,0.0,200.0,0.0,70.7,-0.010678118654738,2.0,2.0,0,93.70344066666667,0.0202064033745043,1.0671966716327121,99.8,-0.20000000000000284,199.6,-0.4000000000000057,70.6,-0.11067811865474653,2.0,2.0,0
175000,93.67132366666668,0.012265045631117508,1.0675625803672228,100.0,0.0,200.0,0.0,70.7,-0.010678118654738,2.0,2.0,0,93.71414600000001,0.01671425675882796,1.0670747615840195,99.8,-0.20000000000000284,199.69999999999996,-0.3000000000000398,70.6,-0.11067811865474653,2.0,2.0,0
175500,93.66329466666667,0.02020640337451183,1.06765409391037,100.0,0.0,200.0666666666667,0.0666666666666913,70.7,-0.010678118654738,2.0,2.0,0,93.67667633333333,0.024087500001730065,1.0675015800535679,99.8,-0.20000000000000284,199.66666666666666,-0.3333333333333428,70.6,-0.11067811865474653,2.0,2.0,0
176000,93.64455966666667,0.01390721328424323,1.067867694140011,100.0,0.0,200.0,0.0,70.7,-0.010678118654738,2.0,2.0,0,93.647236,0.02020633714952209,1.0678371756748912,99.8,-0.20000000000000284,199.6,-0.4000000000000057,70.6,-0.11067811865474653,2.0,2.0,0
176500,93.63653033333333,0.03211650000129813,1.0679592638045599,100.03333333333335,0.03333333333334565,200.03333333333333,0.03333333333333144,70.73333333333333,0.02265521467859344,2.0,2.0,0,93.625825,0.020206337149514562,1.0680813760519599,99.8,-0.20000000000000284,199.6,-0.4000000000000057,70.6,-0.11067811865474653,2.0,2.0,0
177000,93.58300233333334,0.016713696309715774,1.0685701196442698,100.0,0.0,199.96666666666667,-0.03333333333333144,70.7,-0.010678118654738,2.0,2.0,0,93.57764966666667,0.012264500084937357,1.0686312421417978,99.8,-0.20000000000000284,199.6,-0.4000000000000057,70.6,-0.11067811865474653,2.0,2.0,0
177500,93.57497333333333,0.004635545311319696,1.0686618060128044,100.0,0.0,200.0,0.0,70.7,-0.010678118654738,2.0,2.0,0,93.58567866666668,0.012264500084931155,1.0685395610174484,99.8,-0.20000000000000284,199.6,-0.4000000000000057,70.6,-0.11067811865474653,2.0,2.0,0
178000,93.55088533333333,0.004635545311319696,1.0689369709724037,100.0,0.0,200.0,0.0,70.7,-0.010678118654738,2.0,2.0,0,93.57764966666667,0.012264500084937357,1.0686312421417978,99.8,-0.20000000000000284,199.6,-0.4000000000000057,70.6,-0.11067811865474653,2.0,2.0,0
178500,93.53750400000001,0.023178303906882622,1.0690898914728362,100.0,0.0,200.0,0.0,70.7,-0.010678118654738,2.0,2.0,0,93.54553299999999,0.030397875698802982,1.0689981316371355,99.8,-0.20000000000000284,199.6,-0.4000000000000057,70.6,-0.11067811865474653,2.0,2.0,0
179000,93.49200466666667,0.024087500001730065,1.0696101806409726,100.0,0.0,199.9,-0.09999999999999432,70.7,-0.010678118654738,2.0,2.0,0,93.52412166666666,0.008029500005188444,1.0692428671654817,99.8,-0.20000000000000284,199.6,-0.4000000000000057,70.6,-0.11067811865474653,2.0,2.0,0
179500,93.48665199999999,0.01226493652654053,1.069671422183351,100.0,0.0,200.0,0.0,70.7,-0.010678118654738,2.0,2.0,0,93.486652,0.023178303906882622,1.0696714221833508,99.8,-0.20000000000000284,199.6,-0.4000000000000057,70.6,-0.11067811865474653,2.0,2.0,0
180000,93.47327,0.01671425675882796,1.0698245605401415,100.0,0.0,200.0,0.0,70.7,-0.010678118654738,2.0,2.0,0,93.51609233333333,0.008029500005188444,1.069334672834223,99.8,-0.20000000000000284,199.6,-0.4000000000000057,70.6,-0.11067811865474653,2.0,2.0,0
180500,93.43847666666666,0.03342795306824586,1.0702229270789696,100.0,0.0,199.96666666666667,-0.03333333333333144,70.7,-0.010678118654738,2.0,2.0,0,93.45185900000001,0.008029000000000508,1.070069670845178,99.8,-0.20000000000000284,199.6,-0.4000000000000057,70.6,-0.11067811865474653,2.0,2.0,0
181000,93.42241833333333,0.03244980692289774,1.0704068871691772,100.0,0.0,200.0,0.0,70.7,-0.010678118654738,2.0,2.0,0,93.43847666666666,0.02020640337451183,1.0702229270789696,99.8,-0.20000000000000284,199.53333333333333,-0.46666666666666856,70.56666666666666,-0.14401145198807797,2.0,2.0,0
181500,93.419742,0.013906635933975498,1.0704375526963026,100.0,0.0,200.0,0.0,70.7,-0.010678118654738,2.0,2.0,0,93.41974233333333,0.02124330422352991,1.0704375488768476,99.8,-0.20000000000000284,199.53333333333333,-0.46666666666666856,70.56666666666666,-0.14401145198807797,2.0,2.0,0
182000,93.39030166666667,0.012265045631111304,1.0707749971396923,100.0,0.0,200.0,0.0,70.7,-0.010678118654738,2.0,2.0,0,93.40635999999999,0.01226493652654053,1.0705909105118754,99.8,-0.20000000000000284,199.6,-0.4000000000000057,70.6,-0.11067811865474653,2.0,2.0,0
182500,93.33945,0.034998517282877555,1.0713583591932458,100.0,0.0,200.0,0.0,70.7,-0.010678118654738,2.0,2.0,0,93.38762533333333,0.016058500002594435,1.070805683762327,99.8,-0.20000000000000284,199.5666666666667,-0.4333333333333087,70.56666666666666,-0.14401145198807797,2.0,2.0,0
183000,93.33944966666667,0.021243304223532596,1.071358363019275,100.0,0.0,200.0,0.0,70.7,-0.010678118654738,2.0,2.0,0,93.355508,0.0,1.0711740757706552,99.8,-0.20000000000000284,199.5,-0.5,70.53333333333333,-0.1773447853214094,2.0,2.0,0
183500,93.33142066666666,0.021243115245496928,1.071450528511188,100.0,0.0,200.0,0.0,70.7,-0.010678118654738,2.0,2.0,0,93.326068,0.01671425675882796,1.071511980982634,99.8,-0.20000000000000284,199.5,-0.5,70.5,-0.21067811865474084,2.0,2.0,0
184000,93.29395133333333,0.02819791794322946,1.0718808515538847,100.0,0.0,200.03333333333333,0.03333333333333144,70.7,-0.010678118654738,2.0,2.0,0,93.31000966666666,0.012265045631111304,1.071696384527578,99.8,-0.20000000000000284,199.5,-0.5,70.5,-0.21067811865474084,2.0,2.0,0
184500,93.28859833333333,0.028197443365191276,1.0719423572287567,100.0,0.0,200.0,0.0,70.7,-0.010678118654738,2.0,2.0,0,93.29127466666667,0.016058500002594435,1.0719116054240214,99.76666666666667,-0.23333333333333428,199.5,-0.5,70.5,-0.21067811865474084,2.0,2.0,0
185000,93.24309966666668,0.03679404580000921,1.0724654195054482,100.0,0.0,200.03333333333333,0.03333333333333144,70.7,-0.010678118654738,2.0,2.0,0,93.277893,0.009271667972915329,1.0720653820943404,99.73333333333333,-0.2666666666666657,199.5,-0.5,70.5,-0.21067811865474084,2.0,2.0,0
185500,93.24309966666665,0.008029500005195549,1.0724654195054486,100.0,0.0,200.0666666666667,0.0666666666666913,70.7,-0.010678118654738,2.0,2.0,0,93.22971766666667,0.012265045631111304,1.0726193589638422,99.73333333333333,-0.2666666666666657,199.5,-0.5,70.5,-0.21067811865474084,2.0,2.0,0
186000,93.22436466666666,0.012264500084931155,1.0726809494230434,100.0,0.0,200.1,0.09999999999999432,70.7,-0.010678118654738,2.0,2.0,0,93.23507033333334,0.016058500002594435,1.0725577794115533,99.7,-0.29999999999999716,199.5,-0.5,70.5,-0.21067811865474084,2.0,2.0,0
186500,93.19760066666667,0.04041280674901707,1.0729889963333175,100.0,0.0,200.0,0.0,70.7,-0.010678118654738,2.0,2.0,0,93.21633566666667,0.01671369630970781,1.0727733426208805,99.7,-0.29999999999999716,199.5,-0.5,70.5,-0.21067811865474084,2.0,2.0,0
187000,93.16280766666667,0.016058500002594435,1.0733897196164006,100.0,0.0,200.03333333333333,0.03333333333333144,70.7,-0.010678118654738,2.0,2.0,0,93.18421866666667,0.028197917943236877,1.0731430861454594,99.7,-0.29999999999999716,199.46666666666667,-0.5333333333333314,70.5,-0.21067811865474084,2.0,2.0,0
187500,93.13604366666668,0.01671369630970781,1.0736981738015345,100.0,0.0,200.0,0.0,70.7,-0.010678118654738,2.0,2.0,0,93.15745499999998,0.009271667972915329,1.073451394738081,99.7,-0.29999999999999716,199.46666666666667,-0.5333333333333314,70.5,-0.21067811865474084,2.0,2.0,0
188000,93.12801433333334,0.0202064033745043,1.073790746166559,100.03333333333335,0.03333333333334565,200.0666666666667,0.0666666666666913,70.7,-0.010678118654738,2.0,2.0,0,93.14139633333333,0.012264500084929604,1.073636470320041,99.7,-0.29999999999999716,199.5,-0.5,70.5,-0.21067811865474084,2.0,2.0,0
188500,93.10660333333334,0.024087500001730065,1.0740376774565326,100.03333333333335,0.03333333333334565,200.1,0.09999999999999432,70.7,-0.010678118654738,2.0,2.0,0,93.111956,0.01226493652654053,1.0739759349486762,99.7,-0.29999999999999716,199.4,-0.5999999999999943,70.5,-0.21067811865474084,2.0,2.0,0
189000,93.05842766666666,0.02781384921820232,1.0745936988984803,100.0,0.0,200.0666666666667,0.0666666666666913,70.7,-0.010678118654738,2.0,2.0,0,93.106603,0.013906635933967293,1.0740376813017225,99.7,-0.29999999999999716,199.4,-0.5999999999999943,70.5,-0.21067811865474084,2.0,2.0,0
189500,93.03166366666666,0.004635545311319696,1.0749028455333332,100.0,0.0,200.0,0.0,70.7,-0.010678118654738,2.0,2.0,0,93.103927,0.023178303906882622,1.0740685513727042,99.7,-0.29999999999999716,199.4,-0.5999999999999943,70.5,-0.21067811865474084,2.0,2.0,0
190000,93.04236933333334,0.01390721328424323,1.0747791647667555,100.0,0.0,200.1,0.09999999999999432,70.7,-0.010678118654738,2.0,2.0,0,93.045046,0.016714256758825683,1.0747482461344584,99.7,-0.29999999999999716,199.4,-0.5999999999999943,70.5,-0.21067811865474084,2.0,2.0,0
190500,93.02363500000001,0.01671425675882796,1.0749956180491118,100.0,0.0,200.1,0.09999999999999432,70.7,-0.010678118654738,2.0,2.0,0,93.00757633333335,0.024529436608559836,1.075181226544451,99.7,-0.29999999999999716,199.4,-0.5999999999999943,70.5,-0.21067811865474084,2.0,2.0,0
191000,92.983489,0.016714256758825683,1.0754597517845346,100.0,0.0,200.1,0.09999999999999432,70.7,-0.010678118654738,2.0,2.0,0,93.00757633333335,0.03039844799218567,1.075181226544451,99.7,-0.29999999999999716,199.4,-0.5999999999999943,70.5,-0.21067811865474084,2.0,2.0,0
191500,92.978136,0.024087999999999,1.0755216688792297,100.09999999999998,0.0999999999999801,200.13333333333333,0.13333333333332575,70.8,0.08932188134525632,2.0,2.0,0,92.97545966666667,0.012264500084931155,1.0755526281721817,99.7,-0.29999999999999716,199.4,-0.5999999999999943,70.5,-0.21067811865474084,2.0,2.0,0
192000,92.93531366666667,0.012264500084937357,1.0760172431189334,100.0,0.0,200.03333333333333,0.03333333333333144,70.7,-0.010678118654738,2.0,2.0,0,92.95137199999999,0.020206337149514562,1.0758313497513519,99.7,-0.29999999999999716,199.4,-0.5999999999999943,70.5,-0.21067811865474084,2.0,2.0,0
192500,92.92460799999999,0.02020633714952209,1.076141209011073,100.03333333333335,0.03333333333334565,200.1,0.09999999999999432,70.73333333333333,0.02265521467859344,2.0,2.0,0,92.92728466666667,0.009271090622647598,1.0761102119652308,99.7,-0.29999999999999716,199.30000000000004,-0.6999999999999602,70.5,-0.21067811865474084,2.0,2.0,0
193000,92.884462,0.016714256758825683,1.0766063327147226,100.0,0.0,200.0666666666667,0.0666666666666913,70.7,-0.010678118654738,2.0,2.0,0,92.911226,0.012264936526532776,1.0762962055844576,99.7,-0.29999999999999716,199.33333333333334,-0.6666666666666572,70.5,-0.21067811865474084,2.0,2.0,0
193500,92.86840366666667,0.016714096635274574,1.0767924940212263,100.06666666666666,0.06666666666666288,200.1,0.09999999999999432,70.73333333333333,0.02265521467859344,2.0,2.0,0,92.86305066666667,0.03244980692290419,1.0768545646745067,99.7,-0.29999999999999716,199.33333333333334,-0.6666666666666572,70.5,-0.21067811865474084,2.0,2.0,0
194000,92.86572699999999,0.008029000000000508,1.0768235303859734,100.09999999999998,0.0999999999999801,200.13333333333333,0.13333333333332575,70.8,0.08932188134525632,2.0,2.0,0,92.87375633333333,0.008029500005188444,1.0767304343876203,99.7,-0.29999999999999716,199.30000000000004,-0.6999999999999602,70.5,-0.21067811865474084,2.0,2.0,0
194500,92.83896333333333,0.0202064033745043,1.0771339576569308,100.09999999999998,0.0999999999999801,200.1,0.09999999999999432,70.8,0.08932188134525632,2.0,2.0,0,92.85769800000001,0.013906635933975498,1.0769166386183726,99.7,-0.29999999999999716,199.30000000000004,-0.6999999999999602,70.5,-0.21067811865474084,2.0,2.0,0
195000,92.782759,0.01671425675882796,1.0777864452166162,100.0,0.0,200.1,0.09999999999999432,70.7,-0.010678118654738,2.0,2.0,0,92.81487566666668,0.044221282549616915,1.077413499524988,99.7,-0.29999999999999716,199.30000000000004,-0.6999999999999602,70.5,-0.21067811865474084,2.0,2.0,0
195500,92.77205333333332,0.009271090622647598,1.077910819120241,100.0,0.0,200.1,0.09999999999999432,70.7,-0.010678118654738,2.0,2.0,0,92.79346433333335,0.016058500002594435,1.077662103882438,99.66666666666667,-0.3333333333333286,199.30000000000004,-0.6999999999999602,70.5,-0.21067811865474084,2.0,2.0,0
196000,92.73993633333333,0.004635545311319696,1.078284113120069,100.0,0.0,200.1,0.09999999999999432,70.7,-0.010678118654738,2.0,2.0,0,92.79881733333333,0.02020640337451183,1.077599940102685,99.59999999999998,-0.4000000000000199,199.30000000000004,-0.6999999999999602,70.5,-0.21067811865474084,2.0,2.0,0
196500,92.74261266666667,0.012264500084931155,1.0782529963806138,100.09999999999998,0.0999999999999801,200.1,0.09999999999999432,70.76666666666667,0.05598854801192488,2.0,2.0,0,92.78008233333333,0.012264500084931155,1.077817538905899,99.59999999999998,-0.4000000000000199,199.30000000000004,-0.6999999999999602,70.5,-0.21067811865474084,2.0,2.0,0
197000,92.71852533333333,0.012265045631111304,1.0785331155827702,100.06666666666666,0.06666666666666288,200.13333333333333,0.13333333333332575,70.76666666666667,0.05598854801192488,2.0,2.0,0,92.73190733333333,0.0046355453113279006,1.0783774741151484,99.59999999999998,-0.4000000000000199,199.30000000000004,-0.6999999999999602,70.5,-0.21067811865474084,2.0,2.0,0
197500,92.69443766666666,0.016713696309713498,1.0788133842464687,100.09999999999998,0.0999999999999801,200.13333333333333,0.13333333333332575,70.8,0.08932188134525632,2.0,2.0,0,92.72387766666667,0.025810194310252704,1.07847085903256,99.59999999999998,-0.4000000000000199,199.26666666666665,-0.7333333333333485,70.4,-0.31067811865473516,2.0,2.0,0
198000,92.67035,0.009271667972915329,1.0790937986098035,100.09999999999998,0.0999999999999801,200.1,0.09999999999999432,70.8,0.08932188134525632,2.0,2.0,0,92.71049599999999,0.032449353290936435,1.078626523581537,99.59999999999998,-0.4000000000000199,199.26666666666665,-0.7333333333333485,70.43333333333334,-0.2773447853214037,2.0,2.0,0
198500,92.648939,0.008029000000000508,1.0793431752089466,100.09999999999998,0.0999999999999801,200.1,0.09999999999999432,70.8,0.08932188134525632,2.0,2.0,0,92.648939,0.008029000000000508,1.0793431752089466,99.59999999999998,-0.4000000000000199,199.19999999999996,-0.8000000000000398,70.4,-0.31067811865473516,2.0,2.0,0
199000,92.62485133333332,0.02124330422352454,1.079623865091296,100.06666666666666,0.06666666666666288,200.1,0.09999999999999432,70.76666666666667,0.05598854801192488,2.0,2.0,0,92.66767366666666,0.018542758595562925,1.0791249638974247,99.59999999999998,-0.4000000000000199,199.19999999999996,-0.8000000000000398,70.4,-0.31067811865473516,2.0,2.0,0
199500,92.616822,0.0349985172828857,1.0797174621258327,100.09999999999998,0.0999999999999801,200.16666666666666,0.1666666666666572,70.8,0.08932188134525632,2.0,2.0,0,92.64358633333335,0.004635545311319696,1.079405536398366,99.59999999999998,-0.4000000000000199,199.19999999999996,-0.8000000000000398,70.4,-0.31067811865473516,2.0,2.0,0
200000,92.60611666666667,0.03244980692289774,1.0798422782368406,100.09999999999998,0.0999999999999801,200.23333333333335,0.2333333333333485,70.8,0.08932188134525632,2.0,2.0,0,92.59541066666668,0.05099215312510135,1.0799671309843748,99.59999999999998,-0.4000000000000199,199.19999999999996,-0.8000000000000398,70.4,-0.31067811865473516,2.0,2.0,0
200500,92.55258833333333,0.016058500002594435,1.0804668113639826,100.06666666666666,0.06666666666666288,200.1,0.09999999999999432,70.76666666666667,0.05598854801192488,2.0,2.0,0,92.563294,0.020206337149514562,1.0803418469528536,99.59999999999998,-0.4000000000000199,199.19999999999996,-0.8000000000000398,70.4,-0.31067811865473516,2.0,2.0,0
201000,92.549912,0.032449353290936435,1.0804980560111175,100.09999999999998,0.0999999999999801,200.23333333333335,0.2333333333333485,70.8,0.08932188134525632,2.0,2.0,0,92.56597033333333,0.012265045631117508,1.0803106113390966,99.59999999999998,-0.4000000000000199,199.19999999999996,-0.8000000000000398,70.4,-0.31067811865473516,2.0,2.0,0
201500,92.49638399999999,0.008029000000000508,1.081123344237976,100.09999999999998,0.0999999999999801,200.1,0.09999999999999432,70.73333333333333,0.02265521467859344,2.0,2.0,0,92.541883,0.023178303906882622,1.0805918007957542,99.59999999999998,-0.4000000000000199,199.19999999999996,-0.8000000000000398,70.4,-0.31067811865473516,2.0,2.0,0
202000,92.50173666666667,0.03342835338949797,1.081060784408336,100.09999999999998,0.0999999999999801,200.19999999999996,0.1999999999999602,70.8,0.08932188134525632,2.0,2.0,0,92.528501,0.008029000000000508,1.0807480821503852,99.59999999999998,-0.4000000000000199,199.19999999999996,-0.8000000000000398,70.4,-0.31067811865473516,2.0,2.0,0
202500,92.47497299999999,0.04704678447035876,1.0813736598766026,100.09999999999998,0.0999999999999801,200.23333333333335,0.2333333333333485,70.8,0.08932188134525632,2.3333333333333335,3.0,0,92.49906033333333,0.012264500084929604,1.0810920634181145,99.59999999999998,-0.4000000000000199,199.19999999999996,-0.8000000000000398,70.4,-0.31067811865473516,2.0,2.0,0
203000,92.46159066666667,0.036205764214190854,1.0815301713822993,100.09999999999998,0.0999999999999801,200.23333333333335,0.2333333333333485,70.8,0.08932188134525632,2.0,2.0,0,92.45356133333333,0.025810194310260808,1.0816240992540962,99.59999999999998,-0.4000000000000199,199.16666666666666,-0.8333333333333428,70.4,-0.31067811865473516,2.0,2.0,0
203500,92.413416,0.023178303906882622,1.082093967828221,100.09999999999998,0.0999999999999801,200.16666666666666,0.1666666666666572,70.8,0.08932188134525632,2.0,2.0,0,92.45088500000001,0.05162075155400147,1.0816554108703231,99.59999999999998,-0.4000000000000199,199.19999999999996,-0.8000000000000398,70.4,-0.31067811865473516,2.0,2.0,0
204000,92.40806300000001,0.008029000000000508,1.0821566512004477,100.09999999999998,0.0999999999999801,200.19999999999996,0.1999999999999602,70.8,0.08932188134525632,2.0,2.0,0,92.43215033333333,0.01390721328424323,1.0818746468558302,99.59999999999998,-0.4000000000000199,199.19999999999996,-0.8000000000000398,70.4,-0.31067811865473516,2.0,2.0,0
204500,92.38932799999999,0.01226493652654053,1.082376094347174,100.09999999999998,0.0999999999999801,200.19999999999996,0.1999999999999602,70.8,0.08932188134525632,2.0,2.0,0,92.40538633333334,0.012265045631117508,1.0821879975618591,99.59999999999998,-0.4000000000000199,199.19999999999996,-0.8000000000000398,70.4,-0.31067811865473516,2.0,2.0,0
205000,92.35453466666667,0.025810194310260808,1.082783865036275,100.09999999999998,0.0999999999999801,200.19999999999996,0.1999999999999602,70.8,0.08932188134525632,2.0,2.0,0,92.370593,0.016714256758833645,1.0825956265107013,99.59999999999998,-0.4000000000000199,199.16666666666666,-0.8333333333333428,70.4,-0.31067811865473516,2.0,2.0,0
205500,92.32509433333333,0.030398447992177537,1.0831291397218286,100.09999999999998,0.0999999999999801,200.16666666666666,0.1666666666666572,70.8,0.08932188134525632,2.0,2.0,0,92.37862233333334,0.012264500084931155,1.0825015298362661,99.59999999999998,-0.4000000000000199,199.16666666666666,-0.8333333333333428,70.4,-0.31067811865473516,2.0,2.0,0
206000,92.30903599999999,0.016714256758825683,1.0833175638406625,100.09999999999998,0.0999999999999801,200.19999999999996,0.1999999999999602,70.8,0.08932188134525632,2.0,2.0,0,92.341153,0.016714256758825683,1.082940777228545,99.59999999999998,-0.4000000000000199,199.19999999999996,-0.8000000000000398,70.4,-0.31067811865473516,2.0,2.0,0
206500,92.27156666666667,0.028949525891335943,1.0837574738624791,100.09999999999998,0.0999999999999801,200.16666666666666,0.1666666666666572,70.8,0.08932188134525632,2.0,2.0,0,92.30100666666668,0.012264500084931155,1.0834118024426023,99.59999999999998,-0.4000000000000199,199.19999999999996,-0.8000000000000398,70.4,-0.31067811865473516,2.3333333333333335,3.0,0
207000,92.287625,0.06271022314582944,1.0835688966966046,100.09999999999998,0.0999999999999801,200.16666666666666,0.1666666666666572,70.8,0.08932188134525632,2.0,2.0,0,92.28494866666666,0.009271090622647598,1.0836003210144278,99.59999999999998,-0.4000000000000199,199.13333333333333,-0.8666666666666742,70.4,-0.31067811865473516,2.0,2.0,0
207500,92.23142066666666,0.02124330422352454,1.084229206025241,100.06666666666666,0.06666666666666288,200.13333333333333,0.13333333333332575,70.76666666666667,0.05598854801192488,2.0,2.0,0,92.290301,0.02452954571532071,1.0835374781148455,99.59999999999998,-0.4000000000000199,199.16666666666666,-0.8333333333333428,70.4,-0.31067811865473516,2.0,2.0,0
208000,92.23677333333335,0.02020640337451183,1.084166286244763,100.09999999999998,0.0999999999999801,200.19999999999996,0.1999999999999602,70.8,0.08932188134525632,2.3333333333333335,3.0,0,92.228744,0.04565635075210946,1.0842606725729669,99.59999999999998,-0.4000000000000199,199.16666666666666,-0.8333333333333428,70.4,-0.31067811865473516,2.0,2.0,0
208500,92.188598,0.04905909143064142,1.0847328429921452,100.09999999999998,0.0999999999999801,200.19999999999996,0.1999999999999602,70.8,0.08932188134525632,2.0,2.0,0,92.19930366666667,0.034998746696609004,1.0846068898907917,99.59999999999998,-0.4000000000000199,199.1,-0.9000000000000057,70.4,-0.31067811865473516,2.0,2.0,0
209000,92.16451033333334,0.012265045631117508,1.0850163434745965,100.09999999999998,0.0999999999999801,200.16666666666666,0.1666666666666572,70.8,0.08932188134525632,2.0,2.0,0,92.16718700000001,0.008029000000000508,1.084984833051268,99.53333333333335,-0.46666666666665435,199.1,-0.9000000000000057,70.4,-0.31067811865473516,2.0,2.0,0
209500,92.148452,0.03794413793987654,1.0852054248290572,100.09999999999998,0.0999999999999801,200.19999999999996,0.1999999999999602,70.8,0.08932188134525632,2.0,2.0,0,92.19930366666667,0.03499817315708454,1.0846068898907917,99.56666666666666,-0.4333333333333371,199.1,-0.9000000000000057,70.4,-0.31067811865473516,2.0,2.0,0
210000,92.11098233333333,0.044704657702894904,1.0856468736607077,100.09999999999998,0.0999999999999801,200.19999999999996,0.1999999999999602,70.8,0.08932188134525632,2.0,2.0,0,92.15112833333335,0.008029500005188444,1.0851739073478879,99.59999999999998,-0.4000000000000199,199.1,-0.9000000000000057,70.4,-0.31067811865473516,2.0,2.0,0
210500,92.10830566666668,0.04041274051995654,1.0856784225506524,100.09999999999998,0.0999999999999801,200.23333333333335,0.2333333333333485,70.8,0.08932188134525632,2.0,2.0,0,92.12971733333332,0.009271090622647598,1.0854261023963778,99.59999999999998,-0.4000000000000199,199.1,-0.9000000000000057,70.4,-0.31067811865473516,2.3333333333333335,3.0,0
211000,92.06280733333334,0.016058500002594435,1.0862149753692425,100.09999999999998,0.0999999999999801,200.13333333333333,0.13333333333332575,70.8,0.08932188134525632,2.0,2.0,0,92.06548366666668,0.016714096635274574,1.0861833992211578,99.5,-0.5,199.1,-0.9000000000000057,70.4,-0.31067811865473516,2.0,2.0,0
211500,92.04674899999999,0.008029000000000508,1.0864044747522805,100.09999999999998,0.0999999999999801,200.16666666666666,0.1666666666666572,70.8,0.08932188134525632,2.0,2.0,0,92.05210166666666,0.004635545311319696,1.0863413022563437,99.5,-0.5,199.03333333333333,-0.9666666666666686,70.4,-0.31067811865473516,2.0,2.0,0
212000,92.00660266666667,0.027813849218210524,1.0868785185155987,100.09999999999998,0.0999999999999801,200.13333333333333,0.13333333333332575,70.8,0.08932188134525632,2.0,2.0,0,92.03871966666668,0.024087500001730065,1.0864992512082567,99.5,-0.5,199.1,-0.9000000000000057,70.4,-0.31067811865473516,2.0,2.0,0
212500,92.00392666666669,0.009271090622647598,1.0869101311545468,100.09999999999998,0.0999999999999801,200.19999999999996,0.1999999999999602,70.8,0.08932188134525632,2.0,2.0,0,92.02266133333335,0.024087500001730065,1.0866888498015763,99.5,-0.5,199.0666666666667,-0.9333333333333087,70.4,-0.31067811865473516,2.0,2.0,0
213000,91.95307500000001,0.023178303906890827,1.0875112115608965,100.09999999999998,0.0999999999999801,200.1,0.09999999999999432,70.8,0.08932188134525632,2.0,2.0,0,91.98519166666667,0.018542758595562925,1.0871315065839855,99.5,-0.5,199.0,-1.0,70.4,-0.31067811865473516,2.0,2.0,0
213500,91.93969266666666,0.009271090622647598,1.0876695048628944,100.09999999999998,0.0999999999999801,200.13333333333333,0.13333333333332575,70.8,0.08932188134525632,2.0,2.0,0,91.95575133333334,0.0202064033745043,1.08747956000606,99.5,-0.5,199.0,-1.0,70.4,-0.31067811865473516,2.3333333333333335,3.0,0
214000,91.926311,0.008029000000000508,1.0878278363634106,100.09999999999998,0.0999999999999801,200.13333333333333,0.13333333333332575,70.8,0.08932188134525632,2.0,2.0,0,91.93701666666668,0.025810194310260808,1.0877011635320628,99.5,-0.5,199.0,-1.0,70.4,-0.31067811865473516,2.0,2.0,0
214500,91.886165,0.013906635933975498,1.0883031194086725,100.09999999999998,0.0999999999999801,200.13333333333333,0.13333333333332575,70.76666666666667,0.05598854801192488,2.3333333333333335,3.0,0,91.907576,0.009271667972915329,1.0880495858143402,99.5,-0.5,199.0,-1.0,70.4,-0.31067811865473516,2.0,2.0,0
215000,91.85404799999999,0.013906635933967293,1.0886836473445352,100.09999999999998,0.0999999999999801,200.1,0.09999999999999432,70.8,0.08932188134525632,2.0,2.0,0,91.86475366666667,0.01671409663527685,1.088556775135459,99.5,-0.5,199.0,-1.0,70.4,-0.31067811865473516,2.6666666666666665,3.0,0
215500,91.87010666666667,0.027813849218210524,1.088493348144583,100.09999999999998,0.0999999999999801,200.19999999999996,0.1999999999999602,70.8,0.08932188134525632,2.3333333333333335,3.0,0,91.87545933333332,0.012265045631117508,1.0884299324936164,99.5,-0.5,199.0,-1.0,70.4,-0.31067811865473516,2.0,2.0,0
216000,91.83531333333333,0.012265045631111304,1.0889057419233865,100.09999999999998,0.0999999999999801,200.16666666666666,0.1666666666666572,70.8,0.08932188134525632,2.0,2.0,0,91.835313,0.02452954571532071,1.0889057458757723,99.5,-0.5,199.0,-1.0,70.4,-0.31067811865473516,2.0,2.0,0
216500,91.79784366666667,0.008029500005188444,1.0893502069952399,100.09999999999998,0.0999999999999801,200.1,0.09999999999999432,70.8,0.08932188134525632,2.6666666666666665,3.0,0,91.80052,0.01671425675882796,1.0893184483050857,99.5,-0.5,198.96666666666667,-1.0333333333333314,70.3,-0.4106781186547437,2.0,2.0,0
217000,91.74163933333334,0.016058500002594435,1.0900175833643084,100.0,0.0,200.1,0.09999999999999432,70.7,-0.010678118654738,2.0,2.0,0,91.78178533333333,0.016058500002594435,1.089540801988322,99.5,-0.5,199.0,-1.0,70.3,-0.4106781186547437,2.6666666666666665,3.0,0
217500,91.74699166666666,0.004635545311319696,1.0899539939502105,100.06666666666666,0.06666666666666288,200.1,0.09999999999999432,70.76666666666667,0.05598854801192488,2.0,2.0,0,91.74431566666668,0.012265045631117508,1.089985785749698,99.5,-0.5,198.9,-1.0999999999999943,70.3,-0.4106781186547437,2.3333333333333335,3.0,0
218000,91.698817,0.020206337149514562,1.0905266095199462,100.0,0.0,200.0666666666667,0.0666666666666913,70.7,-0.010678118654738,2.0,2.0,0,91.73361,0.042486419465518926,1.0901129913016614,99.5,-0.5,198.9,-1.0999999999999943,70.3,-0.4106781186547437,2.0,2.0,0
218500,91.672053,0.023178303906882622,1.0908449928573105,100.0,0.0,200.1,0.09999999999999432,70.7,-0.010678118654738,2.3333333333333335,3.0,0,91.72290466666668,0.036205764214190854,1.0902402225857695,99.5,-0.5,199.0,-1.0,70.3,-0.4106781186547437,2.3333333333333335,3.0,0
219000,91.6667,0.02452954571532071,1.0909086942150201,100.06666666666666,0.06666666666666288,200.1,0.09999999999999432,70.73333333333333,0.02265521467859344,2.3333333333333335,3.0,0,91.70416933333333,0.0046355453113279006,1.0904629607026084,99.46666666666665,-0.5333333333333456,198.9,-1.0999999999999943,70.3,-0.4106781186547437,2.3333333333333335,3.0,0
219500,91.63726000000001,0.0,1.0912591668498162,100.0,0.0,200.1,0.09999999999999432,70.7,-0.010678118654738,2.3333333333333335,3.0,0,91.66134733333335,0.016058500002594435,1.0909723990456142,99.46666666666665,-0.5333333333333456,198.9,-1.0999999999999943,70.3,-0.4106781186547437,2.6666666666666665,3.0,0
220000,91.60514266666667,0.021243115245496928,1.0916417691076645,100.0,0.0,200.0666666666667,0.0666666666666913,70.7,-0.010678118654738,2.0,2.0,0,91.63725966666668,0.024087500001730065,1.0912591708193047,99.40000000000002,-0.5999999999999801,198.9,-1.0999999999999943,70.3,-0.4106781186547437,2.3333333333333335,3.0,0
220500,91.58105499999999,0.008029000000000508,1.0919288929353348,100.0,0.0,200.1,0.09999999999999432,70.7,-0.010678118654738,2.6666666666666665,3.0,0,91.613172,0.024087999999999,1.0915460933936443,99.46666666666665,-0.5333333333333456,198.9,-1.0999999999999943,70.3,-0.4106781186547437,2.0,2.0,0
221000,91.57570233333333,0.012264500084931155,1.091992716976414,100.06666666666666,0.06666666666666288,200.1,0.09999999999999432,70.73333333333333,0.02265521467859344,2.3333333333333335,3.0,0,91.57034966666667,0.03794452588099682,1.092056548479053,99.40000000000002,-0.5999999999999801,198.9,-1.0999999999999943,70.3,-0.4106781186547437,2.3333333333333335,3.0,0
221500,91.53823266666667,0.018542181245295195,1.092439706195187,100.0,0.0,200.1,0.09999999999999432,70.7,-0.010678118654738,2.6666666666666665,3.0,0,91.56767333333335,0.004635545311319696,1.0920884670288662,99.40000000000002,-0.5999999999999801,198.9,-1.0999999999999943,70.3,-0.4106781186547437,2.3333333333333335,3.0,0
222000,91.50076333333334,0.028949525891343825,1.0928870575178078,100.0,0.0,200.03333333333333,0.03333333333333144,70.7,-0.010678118654738,2.6666666666666665,3.0,0,91.53020366666665,0.009271090622647598,1.0925355346545336,99.40000000000002,-0.5999999999999801,198.9,-1.0999999999999943,70.3,-0.4106781186547437,3.0,3.0,0
222500,91.49005766666666,0.016713696309713498,1.093014941189985,100.0,0.0,200.1,0.09999999999999432,70.7,-0.010678118654738,2.6666666666666665,3.0,0,91.506116,0.02452954571532071,1.0928231288933736,99.40000000000002,-0.5999999999999801,198.9,-1.0999999999999943,70.3,-0.4106781186547437,2.3333333333333335,3.0,0
223000,91.46864633333333,0.027813849218210524,1.093270798340848,100.03333333333335,0.03333333333334565,200.1,0.09999999999999432,70.73333333333333,0.02265521467859344,2.3333333333333335,3.0,0,91.47399933333334,0.012265045631117508,1.0932068208321988,99.40000000000002,-0.5999999999999801,198.80000000000004,-1.1999999999999602,70.3,-0.4106781186547437,3.0,3.0,0
223500,91.44188266666667,0.004635545311319696,1.0935907822953543,100.0,0.0,200.1,0.09999999999999432,70.7,-0.010678118654738,2.3333333333333335,3.0,0,91.44188233333334,0.012265045631117508,1.0935907862818235,99.40000000000002,-0.5999999999999801,198.80000000000004,-1.1999999999999602,70.3,-0.4106781186547437,2.3333333333333335,3.0,0
224000,91.412442,0.024087999999999,1.0939429886360545,100.09999999999998,0.0999999999999801,200.1,0.09999999999999432,70.7,-0.010678118654738,2.6666666666666665,3.0,0,91.420471,0.008029000000000508,1.0938469131273671,99.40000000000002,-0.5999999999999801,198.80000000000004,-1.1999999999999602,70.3,-0.4106781186547437,3.0,3.0,0
224500,91.385678,0.023178303906882622,1.0942633702405753,100.03333333333335,0.03333333333334565,200.1,0.09999999999999432,70.7,-0.010678118654738,2.0,2.0,0,91.417795,0.02020633714952209,1.0938789324332314,99.40000000000002,-0.5999999999999801,198.80000000000004,-1.1999999999999602,70.3,-0.4106781186547437,2.6666666666666665,3.0,0
225000,91.34553166666667,0.004635545311319696,1.0947442986583598,100.0,0.0,200.0,0.0,70.7,-0.010678118654738,2.3333333333333335,3.0,0,91.39638366666668,0.03499817315708454,1.0941351942841822,99.40000000000002,-0.5999999999999801,198.80000000000004,-1.1999999999999602,70.3,-0.4106781186547437,2.6666666666666665,3.0,0
225500,91.32144433333333,0.02581019431025786,1.0950330530799424,100.0,0.0,200.0,0.0,70.7,-0.010678118654738,2.3333333333333335,3.0,0,91.33482666666667,0.02581019431025786,1.094872609382153,99.40000000000002,-0.5999999999999801,198.80000000000004,-1.1999999999999602,70.3,-0.4106781186547437,2.6666666666666665,3.0,0
226000,91.300033,0.03211699999999951,1.0952898560288582,100.0,0.0,200.0,0.0,70.7,-0.010678118654738,2.6666666666666665,3.0,0,91.33750300000001,0.01671425675882796,1.0948405278826157,99.40000000000002,-0.5999999999999801,198.80000000000004,-1.1999999999999602,70.3,-0.4106781186547437,2.0,2.0,0
226500,91.28129866666666,0.004635545311319696,1.0955146504342752,100.0,0.0,200.0,0.0,70.7,-0.010678118654738,2.6666666666666665,3.0,0,91.27059266666667,0.018542758595562925,1.0956431538164146,99.40000000000002,-0.5999999999999801,198.76666666666665,-1.2333333333333485,70.3,-0.4106781186547437,2.3333333333333335,3.0,0
227000,91.24918166666667,0.012264500084937357,1.0959002390322805,100.0,0.0,200.0,0.0,70.7,-0.010678118654738,3.0,3.0,0,91.259887,0.013906635933967293,1.095771683346485,99.40000000000002,-0.5999999999999801,198.69999999999996,-1.3000000000000398,70.3,-0.4106781186547437,3.0,3.0,0
227500,91.25721066666667,0.012264500084931155,1.0958038194402844,100.0,0.0,200.1,0.09999999999999432,70.7,-0.010678118654738,2.3333333333333335,3.0,0,91.26524033333334,0.018542758595562925,1.0957074088093581,99.40000000000002,-0.5999999999999801,198.73333333333335,-1.2666666666666515,70.3,-0.4106781186547437,3.0,3.0,0
228000,91.19030066666666,0.02581019431025786,1.0966078548807068,100.0,0.0,200.0,0.0,70.7,-0.010678118654738,2.0,2.0,0,91.22241766666667,0.02020640337451183,1.0962217682654196,99.40000000000002,-0.5999999999999801,198.80000000000004,-1.1999999999999602,70.3,-0.4106781186547437,3.0,3.0,0
228500,91.18762433333332,0.027813849218210524,1.0966400400393517,100.0,0.0,200.03333333333333,0.03333333333333144,70.7,-0.010678118654738,3.0,3.0,0,91.206359,0.01671425675882796,1.0964147795879013,99.40000000000002,-0.5999999999999801,198.69999999999996,-1.3000000000000398,70.3,-0.4106781186547437,3.0,3.0,0
229000,91.14212566666667,0.01671409663527685,1.0971874889744087,100.0,0.0,200.0,0.0,70.7,-0.010678118654738,2.6666666666666665,3.0,0,91.16353666666667,0.024087500001730065,1.0969297995276692,99.40000000000002,-0.5999999999999801,198.69999999999996,-1.3000000000000398,70.3,-0.4106781186547437,2.3333333333333335,3.0,0
229500,91.11536166666667,0.016058500002594435,1.097509774101941,100.0,0.0,200.0,0.0,70.7,-0.010678118654738,2.6666666666666665,3.0,0,91.14747833333335,0.016058500002594435,1.0971230562659373,99.3,-0.7000000000000028,198.69999999999996,-1.3000000000000398,70.2,-0.510678118654738,2.6666666666666665,3.0,0
230000,91.08056866666668,0.03244980692289774,1.0979290255199914,100.0,0.0,199.96666666666667,-0.03333333333333144,70.7,-0.010678118654738,2.6666666666666665,3.0,0,91.11000899999999,0.01671425675882796,1.0975742522426928,99.3,-0.7000000000000028,198.69999999999996,-1.3000000000000398,70.2,-0.510678118654738,3.0,3.0,0
230500,91.07521566666667,0.02124330422352454,1.097993556951848,100.0,0.0,199.96666666666667,-0.03333333333333144,70.7,-0.010678118654738,3.0,3.0,0,91.09127433333333,0.02124330422352991,1.0977999894267223,99.3,-0.7000000000000028,198.69999999999996,-1.3000000000000398,70.2,-0.510678118654738,2.6666666666666665,3.0,0
231000,91.02704066666666,0.02124330422352454,1.0985746572404957,100.0,0.0,199.9333333333333,-0.0666666666666913,70.7,-0.010678118654738,2.6666666666666665,3.0,0,91.05648066666667,0.028197917943236204,1.0982194706829616,99.3,-0.7000000000000028,198.69999999999996,-1.3000000000000398,70.2,-0.510678118654738,3.0,3.0,0
231500,91.03507,0.040146000000000015,1.0984777624711004,100.0,0.0,200.03333333333333,0.03333333333333144,70.7,-0.010678118654738,2.3333333333333335,3.0,0,91.03774600000001,0.030397875698802982,1.098445473375406,99.3,-0.7000000000000028,198.66666666666666,-1.3333333333333428,70.2,-0.510678118654738,2.6666666666666665,3.0,0
232000,91.010982,0.016058000000001016,1.0987684980698265,100.0,0.0,200.0,0.0,70.7,-0.010678118654738,3.0,3.0,0,91.01098200000001,0.008029000000000508,1.0987684980698262,99.3,-0.7000000000000028,198.6,-1.4000000000000057,70.2,-0.510678118654738,3.0,3.0,0
232500,90.98154166666667,0.018542758595562925,1.09912404393382,100.0,0.0,200.0,0.0,70.7,-0.010678118654738,2.6666666666666665,3.0,0,91.00027666666666,0.0046355453113279006,1.0988977579298935,99.3,-0.7000000000000028,198.6,-1.4000000000000057,70.2,-0.510678118654738,3.0,3.0,0
233000,90.95477766666666,0.02124330422352991,1.0994474679107291,100.0,0.0,200.0,0.0,70.7,-0.010678118654738,2.6666666666666665,3.0,0,90.97618866666666,0.012264500084937357,1.0991887159220997,99.3,-0.7000000000000028,198.6,-1.4000000000000057,70.2,-0.510678118654738,2.3333333333333335,3.0,0
233500,90.91463166666666,0.008029500005188444,1.0999329609192536,100.0,0.0,199.9,-0.09999999999999432,70.7,-0.010678118654738,2.6666666666666665,3.0,0,90.94942466666667,0.012265045631111304,1.0995121779659855,99.3,-0.7000000000000028,198.6,-1.4000000000000057,70.2,-0.510678118654738,2.6666666666666665,3.0,0
234000,90.91195533333332,0.03620528372120758,1.099965341558708,100.0,0.0,200.0,0.0,70.7,-0.010678118654738,2.3333333333333335,3.0,0,90.93604266666667,0.0046355453113279006,1.0996739803881503,99.3,-0.7000000000000028,198.6,-1.4000000000000057,70.2,-0.510678118654738,2.6666666666666665,3.0,0
234500,90.877162,0.01226493652654053,1.1003864755371653,100.0,0.0,199.96666666666667,-0.03333333333333144,70.7,-0.010678118654738,2.6666666666666665,3.0,0,90.86913299999999,0.01671425675882796,1.1004837033055,99.3,-0.7000000000000028,198.6,-1.4000000000000057,70.2,-0.510678118654738,3.0,3.0,0
235000,90.83433966666666,0.02124330422352454,1.1009052343746695,100.0,0.0,199.9,-0.09999999999999432,70.7,-0.010678118654738,2.6666666666666665,3.0,0,90.85575066666667,0.02819791794322946,1.100645795849312,99.3,-0.7000000000000028,198.6,-1.4000000000000057,70.2,-0.510678118654738,2.3333333333333335,3.0,0
235500,90.80489900000002,0.02452954571532071,1.101262168685414,100.0,0.0,199.9,-0.09999999999999432,70.7,-0.010678118654738,2.6666666666666665,3.0,0,90.837016,0.03244935329093761,1.1008727983754991,99.3,-0.7000000000000028,198.5,-1.5,70.2,-0.510678118654738,2.6666666666666665,3.0,0
236000,90.76475333333333,0.009271090622647598,1.101749261993257,99.93333333333334,-0.06666666666666288,199.9,-0.09999999999999432,70.7,-0.010678118654738,3.0,3.0,0,90.82898666666667,0.025810194310260808,1.1009701161479435,99.3,-0.7000000000000028,198.53333333333333,-1.4666666666666686,70.2,-0.510678118654738,3.0,3.0,0
236500,90.73798933333335,0.016058500002594435,1.1020742330165805,99.96666666666665,-0.03333333333334565,199.9,-0.09999999999999432,70.7,-0.010678118654738,2.6666666666666665,3.0,0,90.775459,0.01671425675882796,1.1016193264305059,99.3,-0.7000000000000028,198.53333333333333,-1.4666666666666686,70.2,-0.510678118654738,2.6666666666666665,3.0,0
237000,90.74601833333334,0.02124330422352454,1.1019767240109029,100.0,0.0,199.96666666666667,-0.03333333333333144,70.7,-0.010678118654738,2.3333333333333335,3.0,0,90.75404733333333,0.027813849218210524,1.101879232258446,99.3,-0.7000000000000028,198.5,-1.5,70.2,-0.510678118654738,3.0,3.0,0
237500,90.71657799999998,0.009271667972915329,1.1023343495165792,100.0,0.0,199.96666666666667,-0.03333333333333144,70.7,-0.010678118654738,2.6666666666666665,3.0,0,90.72460733333332,0.025810557245693474,1.1022367904287285,99.23333333333333,-0.7666666666666657,198.5,-1.5,70.2,-0.510678118654738,3.0,3.0,0
238000,90.66305033333333,0.018542758595562925,1.1029851701695264,99.96666666666665,-0.03333333333334565,199.9,-0.09999999999999432,70.7,-0.010678118654738,2.3333333333333335,3.0,0,90.68178466666667,0.016058500002594435,1.1027572997993562,99.2,-0.7999999999999972,198.5,-1.5,70.2,-0.510678118654738,2.6666666666666665,3.0,0
238500,90.63896233333332,0.0202064033745043,1.1032782969451986,100.0,0.0,199.9333333333333,-0.0666666666666913,70.7,-0.010678118654738,3.0,3.0,0,90.66840266666668,0.0202064033745043,1.1029200587953447,99.2,-0.7999999999999972,198.46666666666667,-1.5333333333333314,70.2,-0.510678118654738,3.0,3.0,0
239000,90.61219833333332,0.012264500084931155,1.1036041707335247,100.0,0.0,199.9,-0.09999999999999432,70.7,-0.010678118654738,3.0,3.0,0,90.65502066666666,0.012264500084937357,1.1030828658425251,99.2,-0.7999999999999972,198.4333333333333,-1.5666666666666913,70.2,-0.510678118654738,2.3333333333333335,3.0,0
239500,90.58543433333334,0.03499817315708454,1.10393023708451,100.0,0.0,199.96666666666667,-0.03333333333333144,70.7,-0.010678118654738,3.0,3.0,0,90.628257,0.01671425675882796,1.1034086201172333,99.2,-0.7999999999999972,198.4333333333333,-1.5666666666666913,70.2,-0.510678118654738,3.0,3.0,0
240000,90.61755133333334,0.034998746696609004,1.10353897814071,100.0,0.0,200.03333333333333,0.03333333333333144,70.7,-0.010678118654738,3.0,3.0,0,90.56937599999999,0.03211699999999951,1.1041259685834648,99.2,-0.7999999999999972,198.4,-1.5999999999999943,70.2,-0.510678118654738,3.0,3.0,0
240500,90.55867033333334,0.012265045631117508,1.104256496168887,100.0,0.0,200.0,0.0,70.7,-0.010678118654738,3.0,3.0,0,90.56669933333335,0.02020640337451183,1.1041586006347335,99.2,-0.7999999999999972,198.4,-1.5999999999999943,70.13333333333333,-0.5773447853214151,3.0,3.0,0
241000,90.51317166666666,0.016058500002594435,1.10481157779191,100.0,0.0,199.96666666666667,-0.03333333333333144,70.7,-0.010678118654738,2.6666666666666665,3.0,0,90.542612,0.01226493652654053,1.1044523433894307,99.2,-0.7999999999999972,198.4,-1.5999999999999943,70.1,-0.6106781186547465,3.0,3.0,0
241500,90.49443666666667,0.032449806922896576,1.1050403061609937,100.0,0.0,200.0,0.0,70.7,-0.010678118654738,3.0,3.0,0,90.50514233333332,0.008029500005188444,1.104909593221751,99.2,-0.7999999999999972,198.4,-1.5999999999999943,70.1,-0.6106781186547465,3.0,3.0,0
242000,90.44090866666666,0.021243115245491558,1.1056943309643734,99.96666666666665,-0.03333333333334565,199.9,-0.09999999999999432,70.7,-0.010678118654738,2.6666666666666665,3.0,0,90.50246600000001,0.012264936526534327,1.1049422675399805,99.2,-0.7999999999999972,198.4,-1.5999999999999943,70.1,-0.6106781186547465,3.0,3.0,0
242500,90.43823266666668,0.036205764214190854,1.1057270476367629,100.0,0.0,200.03333333333333,0.03333333333333144,70.7,-0.010678118654738,3.0,3.0,0,90.44626166666667,0.012264500084937357,1.1056288912032977,99.2,-0.7999999999999972,198.36666666666667,-1.6333333333333258,70.1,-0.6106781186547465,3.0,3.0,0
243000,90.41414466666667,0.012264500084937357,1.1060216337684095,100.0,0.0,200.0,0.0,70.7,-0.010678118654738,3.0,3.0,0,90.41949766666666,0.012265045631111304,1.1059561552603627,99.2,-0.7999999999999972,198.30000000000004,-1.6999999999999602,70.1,-0.6106781186547465,3.0,3.0,0
243500,90.37667499999999,0.008029000000000508,1.1064801841846916,100.0,0.0,200.0,0.0,70.7,-0.010678118654738,3.0,3.0,0,90.39005733333333,0.02020640337451183,1.1063163687486985,99.2,-0.7999999999999972,198.30000000000004,-1.6999999999999602,70.1,-0.6106781186547465,3.0,3.0,0
244000,90.33385266666666,0.025810557245696423,1.1070047058548647,100.0,0.0,200.0,0.0,70.7,-0.010678118654738,3.0,3.0,0,90.387381,0.009271667972915329,1.106349126323286,99.16666666666667,-0.8333333333333286,198.30000000000004,-1.6999999999999602,70.1,-0.6106781186547465,3.0,3.0,0
244500,90.32582366666668,0.0046355453113279006,1.1071031067376076,100.0,0.0,200.0,0.0,70.7,-0.010678118654738,2.6666666666666665,3.0,0,90.34455833333334,0.008029500005188444,1.1068735278005584,99.13333333333333,-0.8666666666666742,198.30000000000004,-1.6999999999999602,70.1,-0.6106781186547465,3.0,3.0,0
245000,90.30173566666667,0.004635545311319696,1.1073984266385843,100.0,0.0,200.0,0.0,70.7,-0.010678118654738,3.0,3.0,0,90.30708866666667,0.004636122661595633,1.1073327850165884,99.09999999999998,-0.9000000000000199,198.30000000000004,-1.6999999999999602,70.1,-0.6106781186547465,3.0,3.0,0
245500,90.28835399999998,0.0,1.1075625545239203,100.0,0.0,200.0,0.0,70.7,-0.010678118654738,3.0,3.0,0,90.29905966666666,0.012265045631117508,1.1074312442360281,99.09999999999998,-0.9000000000000199,198.23333333333335,-1.7666666666666515,70.1,-0.6106781186547465,3.0,3.0,0
246000,90.25891333333334,0.0046355453113279006,1.1079238194536207,100.0,0.0,200.03333333333333,0.03333333333333144,70.7,-0.010678118654738,3.0,3.0,0,90.272296,0.0,1.1077595722169291,99.09999999999998,-0.9000000000000199,198.30000000000004,-1.6999999999999602,70.1,-0.6106781186547465,3.0,3.0,0
246500,90.229473,0.009271667972915329,1.108285316040802,100.0,0.0,200.0,0.0,70.7,-0.010678118654738,3.0,3.0,0,90.23214966666667,0.008029500005188444,1.1082524396173368,99.09999999999998,-0.9000000000000199,198.19999999999996,-1.8000000000000398,70.1,-0.6106781186547465,3.0,3.0,0
247000,90.18397433333332,0.008029500005188444,1.108844456448384,100.0,0.0,200.0,0.0,70.7,-0.010678118654738,3.0,3.0,0,90.21609133333334,0.02124330422352454,1.108449706943263,99.09999999999998,-0.9000000000000199,198.19999999999996,-1.8000000000000398,70.1,-0.6106781186547465,3.0,3.0,0
247500,90.16524,0.023178303906882622,1.1090748496870857,100.0,0.0,200.03333333333333,0.03333333333333144,70.7,-0.010678118654738,3.0,3.0,0,90.20270933333335,0.025810557245696423,1.1086141507176013,99.09999999999998,-0.9000000000000199,198.19999999999996,-1.8000000000000398,70.1,-0.6106781186547465,3.0,3.0,0
248000,90.13847566666668,0.030398447992177537,1.1094041613239765,100.0,0.0,200.03333333333333,0.03333333333333144,70.7,-0.010678118654738,3.0,3.0,0,90.18397433333332,0.016058500002594435,1.108844456448384,99.09999999999998,-0.9000000000000199,198.19999999999996,-1.8000000000000398,70.1,-0.6106781186547465,3.0,3.0,0
248500,90.11706466666668,0.0046355453113279006,1.109667745724844,100.0,0.0,200.0,0.0,70.7,-0.010678118654738,3.0,3.0,0,90.13847566666668,0.016714096635274574,1.1094041613239765,99.09999999999998,-0.9000000000000199,198.19999999999996,-1.8000000000000398,70.1,-0.6106781186547465,3.0,3.0,0
249000,90.08227133333332,0.05224094161032892,1.1100963432634585,100.03333333333335,0.03333333333334565,200.1,0.09999999999999432,70.73333333333333,0.02265521467859344,3.0,3.0,0,90.09565333333335,0.02124330422352991,1.109931459512512,99.09999999999998,-0.9000000000000199,198.19999999999996,-1.8000000000000398,70.1,-0.6106781186547465,3.0,3.0,0
249500,90.05818333333333,0.004635545311319696,1.1103932624297885,100.0,0.0,200.03333333333333,0.03333333333333144,70.7,-0.010678118654738,3.0,3.0,0,90.07156566666667,0.0349981731570878,1.1102282863614927,99.09999999999998,-0.9000000000000199,198.16666666666666,-1.8333333333333428,70.1,-0.6106781186547465,3.0,3.0,0
250000,90.001979,0.06922498065727097,1.1110866795495684,100.03333333333335,0.03333333333334565,200.0666666666667,0.0666666666666913,70.7,-0.010678118654738,3.0,3.0,0,90.07156566666667,0.036794045800015406,1.1102282863614927,99.09999999999998,-0.9000000000000199,198.1,-1.9000000000000057,70.03333333333333,-0.6773447853214094,2.6666666666666665,3.0,0
250500,90.007332,0.028949941917035617,1.1110205999662337,100.0,0.0,200.0666666666667,0.0666666666666913,70.7,-0.010678118654738,3.0,3.0,0,90.01268466666666,0.009271090622647598,1.1109545323563916,99.09999999999998,-0.9000000000000199,198.13333333333333,-1.8666666666666742,70.06666666666666,-0.644011451988078,3.0,3.0,0
251000,89.96183333333333,0.028197917943236204,1.1115825044324352,100.0,0.0,200.03333333333333,0.03333333333333144,70.7,-0.010678118654738,3.0,3.0,0,90.007332,0.028949941917035617,1.1110205999662337,99.09999999999998,-0.9000000000000199,198.19999999999996,-1.8000000000000398,70.1,-0.6106781186547465,3.0,3.0,0
251500,89.935069,0.013906635933975498,1.1119133071438463,100.0,0.0,200.03333333333333,0.03333333333333144,70.7,-0.010678118654738,3.0,3.0,0,89.961833,0.023178303906890827,1.1115825085511541,99.09999999999998,-0.9000000000000199,198.19999999999996,-1.8000000000000398,70.1,-0.6106781186547465,3.0,3.0,0
252000,89.91365766666667,0.018542758595562925,1.112178089459179,100.0,0.0,200.0666666666667,0.0666666666666913,70.7,-0.010678118654738,3.0,3.0,0,89.961833,0.02452954571532071,1.1115825085511541,99.09999999999998,-0.9000000000000199,198.19999999999996,-1.8000000000000398,70.1,-0.6106781186547465,3.0,3.0,0
252500,89.90562866666666,0.012265045631111304,1.112277412249228,100.03333333333335,0.03333333333334565,200.1,0.09999999999999432,70.73333333333333,0.02265521467859344,3.0,3.0,0,89.94042200000001,0.03039787569880799,1.1118471292029293,99.09999999999998,-0.9000000000000199,198.19999999999996,-1.8000000000000398,70.1,-0.6106781186547465,3.0,3.0,0
253000,89.86815933333334,0.03708551719112585,1.1127411615173544,100.06666666666666,0.06666666666666288,200.13333333333333,0.13333333333332575,70.76666666666667,0.05598854801192488,3.0,3.0,0,89.90027633333334,0.025810194310260808,1.112343633174372,99.09999999999998,-0.9000000000000199,198.26666666666665,-1.7333333333333485,70.1,-0.6106781186547465,3.0,3.0,0
253500,89.84139499999999,0.02452954571532071,1.1130726543148624,100.06666666666666,0.06666666666666288,200.1,0.09999999999999432,70.73333333333333,0.02265521467859344,3.0,3.0,0,89.86815933333332,0.012265045631117508,1.1127411615173544,99.2,-0.7999999999999972,198.30000000000004,-1.6999999999999602,70.1,-0.6106781186547465,3.0,3.0,0
254000,89.81730766666668,0.025810194310260808,1.1133711597226195,100.03333333333335,0.03333333333334565,200.1,0.09999999999999432,70.73333333333333,0.02265521467859344,3.0,3.0,0,89.85745366666667,0.01671409663527685,1.1128737341140102,99.2,-0.7999999999999972,198.30000000000004,-1.6999999999999602,70.1,-0.6106781186547465,3.0,3.0,0
254500,89.79054366666666,0.05265119889739393,1.1137030239090024,100.06666666666666,0.06666666666666288,200.1,0.09999999999999432,70.73333333333333,0.02265521467859344,3.0,3.0,0,89.81730766666668,0.012265045631117508,1.1133711597226195,99.2,-0.7999999999999972,198.4,-1.5999999999999943,70.1,-0.6106781186547465,3.0,3.0,0
255000,89.766456,0.008029000000000508,1.1140018717013846,100.0,0.0,200.1,0.09999999999999432,70.7,-0.010678118654738,3.0,3.0,0,89.77448533333335,0.02124330422352991,1.1139022365731115,99.2,-0.7999999999999972,198.4,-1.5999999999999943,70.1,-0.6106781186547465,3.0,3.0,0
255500,89.73969199999999,0.028197395908137034,1.1143341120448687,100.03333333333335,0.03333333333334565,200.13333333333333,0.13333333333332575,70.73333333333333,0.02265521467859344,3.0,3.0,0,89.76377966666666,0.012264500084931155,1.1140350859928696,99.2,-0.7999999999999972,198.4,-1.5999999999999943,70.16666666666667,-0.5440114519880694,3.0,3.0,0
256000,89.71828066666667,0.021243115245491558,1.114600048696133,100.06666666666666,0.06666666666666288,200.1,0.09999999999999432,70.73333333333333,0.02265521467859344,3.0,3.0,0,89.720957,0.016714256758825683,1.114566800708557,99.2,-0.7999999999999972,198.4,-1.5999999999999943,70.13333333333333,-0.5773447853214151,3.0,3.0,0
256500,89.704899,0.016714256758825683,1.1147663183924883,100.09999999999998,0.0999999999999801,200.19999999999996,0.1999999999999602,70.8,0.08932188134525632,3.0,3.0,0,89.71292799999999,0.02452954571532071,1.1146665506224478,99.2,-0.7999999999999972,198.4333333333333,-1.5666666666666913,70.16666666666667,-0.5440114519880694,3.0,3.0,0
257000,89.65404733333332,0.01390721328424323,1.1153986124932038,100.06666666666666,0.06666666666666288,200.1,0.09999999999999432,70.73333333333333,0.02265521467859344,3.0,3.0,0,89.67010533333332,0.04248660844705445,1.115198868432986,99.3,-0.7000000000000028,198.5,-1.5,70.2,-0.510678118654738,3.0,3.0,0
257500,89.64066533333335,0.025810557245696423,1.1155651246913991,100.09999999999998,0.0999999999999801,200.13333333333333,0.13333333333332575,70.8,0.08932188134525632,3.0,3.0,0,89.64869433333335,0.024529982151100065,1.1154652138956787,99.3,-0.7000000000000028,198.5,-1.5,70.2,-0.510678118654738,3.0,3.0,0
258000,89.61390133333333,0.021243115245491558,1.115898298278901,100.09999999999998,0.0999999999999801,200.19999999999996,0.1999999999999602,70.8,0.08932188134525632,3.0,3.0,0,89.619254,0.03244997187980615,1.115831649301611,99.3,-0.7000000000000028,198.5,-1.5,70.2,-0.510678118654738,3.0,3.0,0
258500,89.57910766666667,0.004635545311319696,1.116331727394635,100.09999999999998,0.0999999999999801,200.1,0.09999999999999432,70.76666666666667,0.05598854801192488,3.0,3.0,0,89.61122466666666,0.028197917943236204,1.11593162990437,99.3,-0.7000000000000028,198.5666666666667,-1.4333333333333087,70.2,-0.510678118654738,3.0,3.0,0
259000,89.52290333333333,0.018542758595562925,1.117032583579822,100.0,0.0,200.1,0.09999999999999432,70.7,-0.010678118654738,3.0,3.0,0,89.579108,0.01226493652654053,1.1163317232406467,99.3,-0.7000000000000028,198.6,-1.4000000000000057,70.2,-0.510678118654738,3.0,3.0,0
259500,89.52557999999999,0.008029000000000508,1.116999186154393,100.09999999999998,0.0999999999999801,200.1,0.09999999999999432,70.8,0.08932188134525632,3.0,3.0,0,89.533609,0.008029000000000508,1.116899018333998,99.3,-0.7000000000000028,198.6,-1.4000000000000057,70.2,-0.510678118654738,3.0,3.0,0
260000,89.50684533333333,0.02020640337451183,1.1172329851151497,100.09999999999998,0.0999999999999801,200.19999999999996,0.1999999999999602,70.8,0.08932188134525632,3.0,3.0,0,89.51487433333334,0.016714096635274574,1.1171327753600189,99.3,-0.7000000000000028,198.6,-1.4000000000000057,70.2,-0.510678118654738,3.0,3.0,0
260500,89.44796433333333,0.03794452588099682,1.1179684271778825,100.09999999999998,0.0999999999999801,200.1,0.09999999999999432,70.76666666666667,0.05598854801192488,3.0,3.0,0,89.46937566666668,0.008029500005188444,1.1177008809424014,99.3,-0.7000000000000028,198.6,-1.4000000000000057,70.2,-0.510678118654738,3.0,3.0,0
261000,89.445288,0.03679448223578857,1.118001878422036,100.09999999999998,0.0999999999999801,200.19999999999996,0.1999999999999602,70.8,0.08932188134525632,3.0,3.0,0,89.445288,0.008029000000000508,1.118001878422036,99.3,-0.7000000000000028,198.6,-1.4000000000000057,70.2,-0.510678118654738,3.0,3.0,0
261500,89.405142,0.016058000000001016,1.118503899921103,100.06666666666666,0.06666666666666288,200.1,0.09999999999999432,70.76666666666667,0.05598854801192488,3.0,3.0,0,89.43458266666669,0.009271090622647598,1.1181357034192454,99.3,-0.7000000000000028,198.66666666666666,-1.3333333333333428,70.2,-0.510678118654738,3.0,3.0,0
262000,89.378378,0.01671425675882796,1.118838831467718,100.09999999999998,0.0999999999999801,200.13333333333333,0.13333333333332575,70.73333333333333,0.02265521467859344,3.0,3.0,0,89.38908366666668,0.02124330422352454,1.1187048339470802,99.3,-0.7000000000000028,198.69999999999996,-1.3000000000000398,70.2,-0.510678118654738,3.0,3.0,0
262500,89.34626100000001,0.023178303906882622,1.1192410167001838,100.0,0.0,200.1,0.09999999999999432,70.7,-0.010678118654738,3.0,3.0,0,89.39176033333332,0.0046355453113279006,1.1186713364532657,99.36666666666667,-0.6333333333333258,198.69999999999996,-1.3000000000000398,70.26666666666667,-0.4440114519880751,3.0,3.0,0
263000,89.33287933333334,0.024087500001730065,1.1194086740097537,100.06666666666666,0.06666666666666288,200.16666666666666,0.1666666666666572,70.76666666666667,0.05598854801192488,3.0,3.0,0,89.31146766666667,0.018542758595562925,1.1196770427424356,99.40000000000002,-0.5999999999999801,198.73333333333335,-1.2666666666666515,70.3,-0.4106781186547437,3.0,3.0,0
263500,89.30343866666668,0.0202064033745043,1.1197777094929033,100.09999999999998,0.0999999999999801,200.13333333333333,0.13333333333332575,70.8,0.08932188134525632,3.0,3.0,0,89.32217366666667,0.009271090622647598,1.1195428402042806,99.40000000000002,-0.5999999999999801,198.73333333333335,-1.2666666666666515,70.3,-0.4106781186547437,3.0,3.0,0
264000,89.26864566666667,0.027813849218210524,1.1202141496960165,100.06666666666666,0.06666666666666288,200.1,0.09999999999999432,70.76666666666667,0.05598854801192488,3.0,3.0,0,89.28470366666666,0.02124330422352991,1.1200126773488275,99.40000000000002,-0.5999999999999801,198.80000000000004,-1.1999999999999602,70.3,-0.4106781186547437,3.0,3.0,0
264500,89.23920500000001,0.03960726525525537,1.1205837165402805,100.0,0.0,200.1,0.09999999999999432,70.7,-0.010678118654738,3.0,3.0,0,89.25526366666668,0.0202064033745043,1.1203821028803487,99.40000000000002,-0.5999999999999801,198.80000000000004,-1.1999999999999602,70.3,-0.4106781186547437,3.0,3.0,0
265000,89.19370666666667,0.004635545311319696,1.1211553341282074,100.0,0.0,200.1,0.09999999999999432,70.7,-0.010678118654738,3.0,3.0,0,89.22047033333332,0.02124330422352454,1.1208190186220008,99.40000000000002,-0.5999999999999801,198.80000000000004,-1.1999999999999602,70.3,-0.4106781186547437,3.0,3.0,0
265500,89.16961866666668,0.0046355453113279006,1.1214581994997577,100.06666666666666,0.06666666666666288,200.1,0.09999999999999432,70.73333333333333,0.02265521467859344,3.0,3.0,0,89.22047033333332,0.008029500005188444,1.1208190186220008,99.43333333333334,-0.5666666666666629,198.9,-1.0999999999999943,70.3,-0.4106781186547437,3.0,3.0,0
266000,89.158913,0.016714256758825683,1.1215928574633924,100.09999999999998,0.0999999999999801,200.13333333333333,0.13333333333332575,70.76666666666667,0.05598854801192488,3.0,3.0,0,89.164266,0.0289499419170435,1.1215255223432221,99.46666666666665,-0.5333333333333456,198.9,-1.0999999999999943,70.3,-0.4106781186547437,3.0,3.0,0
266500,89.13214899999998,0.03211699999999951,1.1219296417951286,100.09999999999998,0.0999999999999801,200.16666666666666,0.1666666666666572,70.8,0.08932188134525632,3.0,3.0,0,89.14820733333333,0.02124330422352991,1.121727547768749,99.43333333333334,-0.5666666666666629,198.9,-1.0999999999999943,70.3,-0.4106781186547437,3.0,3.0,0
267000,89.08665033333334,0.030398227881464745,1.1225026378905532,100.06666666666666,0.06666666666666288,200.0666666666667,0.0666666666666913,70.73333333333333,0.02265521467859344,3.0,3.0,0,89.09735599999999,0.032449353290936435,1.122367761395748,99.40000000000002,-0.5999999999999801,198.9,-1.0999999999999943,70.3,-0.4106781186547437,3.0,3.0,0
267500,89.07059199999999,0.012264936526534327,1.122705011324052,100.09999999999998,0.0999999999999801,200.13333333333333,0.13333333333332575,70.8,0.08932188134525632,3.0,3.0,0,89.08129766666667,0.009271090622647598,1.1225700861946357,99.5,-0.5,198.9333333333333,-1.0666666666666913,70.3,-0.4106781186547437,3.0,3.0,0
268000,89.03847533333334,0.037944525880988796,1.123109977182673,100.03333333333335,0.03333333333334565,200.13333333333333,0.13333333333332575,70.73333333333333,0.02265521467859344,3.0,3.0,0,89.06256266666666,0.012265045631117508,1.1228062275085071,99.5,-0.5,198.9333333333333,-1.0666666666666913,70.3,-0.4106781186547437,3.0,3.0,0
268500,89.01974033333333,0.008029500005188444,1.123346345715582,100.09999999999998,0.0999999999999801,200.1,0.09999999999999432,70.8,0.08932188134525632,3.0,3.0,0,89.01171133333334,0.016058500002594435,1.1234476733687035,99.5,-0.5,199.0,-1.0,70.3,-0.4106781186547437,3.0,3.0,0
269000,88.99565266666667,0.028949525891335943,1.1236503919416168,100.09999999999998,0.0999999999999801,200.13333333333333,0.13333333333332575,70.8,0.08932188134525632,3.0,3.0,0,88.99832900000001,0.023178303906890827,1.1236166018352995,99.5,-0.5,199.0,-1.0,70.3,-0.4106781186547437,3.0,3.0,0
269500,88.928743,0.01671425675882796,1.1244958224586623,100.03333333333335,0.03333333333334565,200.1,0.09999999999999432,70.7,-0.010678118654738,3.0,3.0,0,88.95283033333334,0.0202064033745043,1.1241913228086116,99.5,-0.5,199.0,-1.0,70.3,-0.4106781186547437,3.0,3.0,0
270000,88.915361,0.008029000000000508,1.124665062092027,100.0,0.0,200.1,0.09999999999999432,70.7,-0.010678118654738,3.0,3.0,0,88.910008,0.01671425675882796,1.1247327747400495,99.5,-0.5,199.0,-1.0,70.4,-0.31067811865473516,3.0,3.0,0
270500,88.90733166666666,0.03211650000129813,1.1247666320132317,100.09999999999998,0.0999999999999801,200.16666666666666,0.1666666666666572,70.8,0.08932188134525632,3.0,3.0,0,88.90465533333334,0.0202064033745043,1.1248004913248524,99.5,-0.5,199.0,-1.0,70.4,-0.31067811865473516,3.0,3.0,0
271000,88.85648033333332,0.025810194310260808,1.125410320382523,100.0,0.0,200.0666666666667,0.0666666666666913,70.7,-0.010678118654738,3.0,3.0,0,88.83239233333335,0.028197443365191276,1.1257154892864023,99.5,-0.5,199.0,-1.0,70.4,-0.31067811865473516,3.0,3.0,0
271500,88.84309833333333,0.02124330422352991,1.1255798354173414,100.09999999999998,0.0999999999999801,200.13333333333333,0.13333333333332575,70.76666666666667,0.05598854801192488,3.0,3.0,0,88.82703966666668,0.034998746696609004,1.1257833242587065,99.5,-0.5,199.0,-1.0,70.4,-0.31067811865473516,3.0,3.0,0
272000,88.80027566666666,0.024529982151100065,1.1261226302424354,100.0,0.0,200.1,0.09999999999999432,70.7,-0.010678118654738,3.0,3.0,0,88.80295233333334,0.02124330422352454,1.126088687058929,99.5,-0.5,199.1,-0.9000000000000057,70.4,-0.31067811865473516,3.0,3.0,0
272500,88.74942399999999,0.03039787569880799,1.1267678762624984,100.0,0.0,200.1,0.09999999999999432,70.7,-0.010678118654738,3.0,3.0,0,88.77351166666666,0.016714096635274574,1.126462140818394,99.53333333333335,-0.46666666666665435,199.1,-0.9000000000000057,70.4,-0.31067811865473516,3.0,3.0,0
273000,88.730689,0.008029000000000508,1.1270057871409067,100.0,0.0,200.1,0.09999999999999432,70.7,-0.010678118654738,3.0,3.0,0,88.75745333333333,0.004635545311319696,1.1266659445989813,99.59999999999998,-0.4000000000000199,199.1,-0.9000000000000057,70.4,-0.31067811865473516,3.0,3.0,0
273500,88.736042,0.039607265255250566,1.126937800538816,100.09999999999998,0.0999999999999801,200.13333333333333,0.13333333333332575,70.76666666666667,0.05598854801192488,3.0,3.0,0,88.709278,0.03960726525525537,1.1272778028922747,99.59999999999998,-0.4000000000000199,199.1,-0.9000000000000057,70.4,-0.31067811865473516,3.0,3.0,0
274000,88.67448466666667,0.016058500002594435,1.127720114482838,100.03333333333335,0.03333333333334565,200.1,0.09999999999999432,70.7,-0.010678118654738,3.0,3.0,0,88.70392533333332,0.018542758595562925,1.1273458262891758,99.59999999999998,-0.4000000000000199,199.16666666666666,-0.8333333333333428,70.4,-0.31067811865473516,3.0,3.0,0
274500,88.66645533333333,0.013907213284235026,1.127822236989843,100.06666666666666,0.06666666666666288,200.1,0.09999999999999432,70.73333333333333,0.02265521467859344,3.0,3.0,0,88.66913199999999,0.012264936526534327,1.1277881912726968,99.59999999999998,-0.4000000000000199,199.19999999999996,-0.8000000000000398,70.4,-0.31067811865473516,3.0,3.0,0
275000,88.61292766666668,0.016714096635274574,1.1285035110922848,100.0,0.0,200.0666666666667,0.0666666666666913,70.7,-0.010678118654738,3.0,3.0,0,88.63433866666666,0.027814426568478254,1.1282309035562048,99.59999999999998,-0.4000000000000199,199.19999999999996,-0.8000000000000398,70.4,-0.31067811865473516,3.0,3.0,0
275500,88.615604,0.020206337149514562,1.1284694284767274,100.03333333333335,0.03333333333334565,200.1,0.09999999999999432,70.73333333333333,0.02265521467859344,3.0,3.0,0,88.59686933333334,0.04422119176744591,1.1287080542740622,99.59999999999998,-0.4000000000000199,199.19999999999996,-0.8000000000000398,70.4,-0.31067811865473516,3.0,3.0,0
276000,88.58616366666666,0.016058500002594435,1.1288444590092137,100.09999999999998,0.0999999999999801,200.1,0.09999999999999432,70.8,0.08932188134525632,3.0,3.0,0,88.57278166666667,0.012265045631111304,1.1290150102357441,99.59999999999998,-0.4000000000000199,199.19999999999996,-0.8000000000000398,70.4,-0.31067811865473516,3.0,3.0,0
276500,88.53263600000001,0.023178303906890827,1.1295269690151324,100.0,0.0,200.0,0.0,70.7,-0.010678118654738,3.0,3.0,0,88.56207566666667,0.027813849218210524,1.1291514934268685,99.59999999999998,-0.4000000000000199,199.19999999999996,-0.8000000000000398,70.4,-0.31067811865473516,3.0,3.0,0
277000,88.51390066666666,0.027814426568478254,1.12976605083295,100.0,0.0,200.03333333333333,0.03333333333333144,70.7,-0.010678118654738,3.0,3.0,0,88.508548,0.02020633714952209,1.1298343748673856,99.59999999999998,-0.4000000000000199,199.26666666666665,-0.7333333333333485,70.43333333333334,-0.2773447853214037,3.0,3.0,0
277500,88.47107866666666,0.032449806922896576,1.1303128831148421,100.03333333333335,0.03333333333334565,200.0666666666667,0.0666666666666913,70.7,-0.010678118654738,3.0,3.0,0,88.476431,0.01671425675882796,1.1302445054547916,99.59999999999998,-0.4000000000000199,199.30000000000004,-0.6999999999999602,70.43333333333334,-0.2773447853214037,3.0,3.0,0
278000,88.433609,0.008029000000000508,1.130791801112629,100.0,0.0,200.0,0.0,70.7,-0.010678118654738,3.0,3.0,0,88.45501999999999,0.028197395908137034,1.130518087045823,99.59999999999998,-0.4000000000000199,199.30000000000004,-0.6999999999999602,70.5,-0.21067811865474084,3.0,3.0,0
278500,88.39881566666668,0.0046355453113279006,1.1312368751305328,100.0,0.0,200.0,0.0,70.7,-0.010678118654738,3.0,3.0,0,88.409521,0.03211699999999951,1.1310998959037455,99.59999999999998,-0.4000000000000199,199.30000000000004,-0.6999999999999602,70.5,-0.21067811865474084,3.0,3.0,0
279000,88.390786,0.023178303906890827,1.1313396398579372,100.03333333333335,0.03333333333334565,200.0666666666667,0.0666666666666913,70.7,-0.010678118654738,3.0,3.0,0,88.40952133333333,0.013907213284235026,1.1310998916391224,99.7,-0.29999999999999716,199.33333333333334,-0.6666666666666572,70.5,-0.21067811865474084,3.0,3.0,0
279500,88.35064033333333,0.03039844799218254,1.1318537095228223,100.0,0.0,200.0,0.0,70.7,-0.010678118654738,3.0,3.0,0,88.374728,0.01226493652654053,1.1315452082636113,99.7,-0.29999999999999716,199.4,-0.5999999999999943,70.5,-0.21067811865474084,3.0,3.0,0
280000,88.334582,0.012264936526534327,1.1320594690763353,100.0,0.0,200.1,0.09999999999999432,70.7,-0.010678118654738,3.0,3.0,0,88.33190533333334,0.0046355453113279006,1.1320937731687708,99.7,-0.29999999999999716,199.4,-0.5999999999999943,70.5,-0.21067811865474084,3.0,3.0,0
280500,88.28640666666666,0.02819791794322946,1.1326772011183903,100.0,0.0,199.96666666666667,-0.03333333333333144,70.7,-0.010678118654738,3.0,3.0,0,88.32655266666667,0.018542181245295195,1.1321623790457152,99.7,-0.29999999999999716,199.4,-0.5999999999999943,70.5,-0.21067811865474084,3.0,3.0,0
281000,88.267672,0.02020633714952209,1.1329176099716325,100.0,0.0,200.0,0.0,70.7,-0.010678118654738,3.0,3.0,0,88.27837766666666,0.012264500084937357,1.1327802191561949,99.7,-0.29999999999999716,199.4,-0.5999999999999943,70.5,-0.21067811865474084,3.0,3.0,0
281500,88.22484966666667,0.028949525891335943,1.133467502385354,100.0,0.0,200.03333333333333,0.03333333333333144,70.7,-0.010678118654738,3.0,3.0,0,88.24358466666666,0.044221433856594605,1.133226855841615,99.7,-0.29999999999999716,199.4,-0.5999999999999943,70.5,-0.21067811865474084,3.0,3.0,0
282000,88.20879133333334,0.021243115245496928,1.1336738491530705,100.0,0.0,200.0,0.0,70.7,-0.010678118654738,3.0,3.0,0,88.23555499999999,0.02020633714952209,1.133329982454352,99.7,-0.29999999999999716,199.4,-0.5999999999999943,70.5,-0.21067811865474084,3.0,3.0,0
282500,88.19005633333335,0.028197443365191276,1.1339146855970748,100.0,0.0,200.0,0.0,70.7,-0.010678118654738,3.0,3.0,0,88.18470366666668,0.028949525891343825,1.1339835123560034,99.7,-0.29999999999999716,199.4333333333333,-0.5666666666666913,70.5,-0.21067811865474084,3.0,3.0,0
283000,88.13652833333333,0.016058500002594435,1.1346033465466088,100.0,0.0,200.0,0.0,70.7,-0.010678118654738,3.0,3.0,0,88.15526333333334,0.04041274051995654,1.1343622175102495,99.7,-0.29999999999999716,199.5,-0.5,70.5,-0.21067811865474084,3.0,3.0,0
283500,88.12849899999999,0.008029000000000508,1.1347067195595832,100.0,0.0,200.0,0.0,70.7,-0.010678118654738,3.0,3.0,0,88.13652833333333,0.008029500005188444,1.1346033465466088,99.73333333333333,-0.2666666666666657,199.5,-0.5,70.5,-0.21067811865474084,3.0,3.0,0
284000,88.07497133333334,0.012264500084931155,1.135396338893311,100.0,0.0,200.0,0.0,70.7,-0.010678118654738,3.0,3.0,0,88.09905866666666,0.018542758595562925,1.1350859079932054,99.76666666666667,-0.23333333333333428,199.5,-0.5,70.5,-0.21067811865474084,3.0,3.0,0
284500,88.048207,0.008029000000000508,1.1357414694429835,100.0,0.0,200.0,0.0,70.7,-0.010678118654738,3.0,3.0,0,88.048207,0.0,1.1357414694429835,99.7,-0.29999999999999716,199.5,-0.5,70.5,-0.21067811865474084,3.0,3.0,0
285000,88.03214866666667,0.027813849218210524,1.135948645064311,100.0,0.0,200.0,0.0,70.7,-0.010678118654738,3.0,3.0,0,88.02679599999999,0.01671425675882796,1.1360177189682106,99.73333333333333,-0.2666666666666657,199.5,-0.5,70.5,-0.21067811865474084,3.3333333333333335,4.0,0
285500,88.005385,0.016714256758825683,1.136294102911998,100.0,0.0,200.0,0.0,70.7,-0.010678118654738,3.0,3.0,0,87.98932633333334,0.025810194310260808,1.1365014845228631,99.8,-0.20000000000000284,199.5,-0.5,70.5,-0.21067811865474084,3.0,3.0,0
286000,87.946504,0.02819739590813029,1.1370548623513221,100.0,0.0,199.96666666666667,-0.03333333333333144,70.7,-0.010678118654738,3.0,3.0,0,87.967915,0.008029000000000508,1.1367781082454893,99.8,-0.20000000000000284,199.5,-0.5,70.5,-0.21067811865474084,3.0,3.0,0
286500,87.94115099999999,0.030397875698802982,1.13712407516704,100.0,0.0,199.96666666666667,-0.03333333333333144,70.7,-0.010678118654738,3.0,3.0,0,87.946504,0.009271667972915329,1.1370548623513221,99.8,-0.20000000000000284,199.53333333333333,-0.46666666666666856,70.53333333333333,-0.1773447853214094,3.0,3.0,0
287000,87.906358,0.020206337149514562,1.1375741445231982,100.0,0.0,200.0,0.0,70.7,-0.010678118654738,3.0,3.0,0,87.901005,0.02452954571532071,1.1376434205729502,99.8,-0.20000000000000284,199.6,-0.4000000000000057,70.6,-0.11067811865474653,3.0,3.0,0
287500,87.879594,0.016058000000001016,1.1379205962194137,100.0,0.0,199.96666666666667,-0.03333333333333144,70.7,-0.010678118654738,3.0,3.0,0,87.87691766666667,0.012264500084937357,1.1379552521325158,99.8,-0.20000000000000284,199.6,-0.4000000000000057,70.6,-0.11067811865474653,3.0,3.0,0
288000,87.83141866666666,0.02124330422352454,1.138544743077815,99.96666666666665,-0.03333333333334565,199.9,-0.09999999999999432,70.7,-0.010678118654738,3.0,3.0,0,87.839448,0.03211699999999951,1.1384406696180513,99.8,-0.20000000000000284,199.6,-0.4000000000000057,70.6,-0.11067811865474653,3.0,3.0,0
288500,87.82338966666667,0.016058500002594435,1.138648831245863,100.0,0.0,199.96666666666667,-0.03333333333333144,70.7,-0.010678118654738,3.0,3.0,0,87.82338966666667,0.008029500005188444,1.138648831245863,99.8,-0.20000000000000284,199.6,-0.4000000000000057,70.6,-0.11067811865474653,3.0,3.0,0
289000,87.76450899999999,0.020206337149514562,1.1394127437094193,99.90000000000002,-0.0999999999999801,199.86666666666667,-0.13333333333332575,70.7,-0.010678118654738,3.0,3.0,0,87.78591999999999,0.009271667972915329,1.1391348407580624,99.8,-0.20000000000000284,199.6,-0.4000000000000057,70.6,-0.11067811865474653,3.0,3.0,0
289500,87.759156,0.013906635933967293,1.139482243881197,100.0,0.0,199.9333333333333,-0.0666666666666913,70.7,-0.010678118654738,3.0,3.0,0,87.759156,0.0289499419170435,1.139482243881197,99.8,-0.20000000000000284,199.63333333333333,-0.36666666666667425,70.6,-0.11067811865474653,3.0,3.0,0
290000,87.70830433333333,0.03342795306825382,1.1401428947930903,99.93333333333334,-0.06666666666666288,199.9,-0.09999999999999432,70.7,-0.010678118654738,3.0,3.0,0,87.732392,0.02452954571532071,1.1398298589647482,99.8,-0.20000000000000284,199.69999999999996,-0.3000000000000398,70.6,-0.11067811865474653,3.0,3.0,0
290500,87.686893,0.03679448223579477,1.1404212942064216,99.93333333333334,-0.06666666666666288,199.9,-0.09999999999999432,70.7,-0.010678118654738,3.0,3.0,0,87.67618766666668,0.012264500084931155,1.1405605405676036,99.8,-0.20000000000000284,199.69999999999996,-0.3000000000000398,70.6,-0.11067811865474653,3.0,3.0,0
291000,87.64942366666666,0.025810194310260808,1.1409088139621195,99.90000000000002,-0.0999999999999801,199.9,-0.09999999999999432,70.7,-0.010678118654738,3.0,3.0,0,87.65745266666666,0.004636122661595633,1.1408043122159632,99.8,-0.20000000000000284,199.69999999999996,-0.3000000000000398,70.6,-0.11067811865474653,3.0,3.0,0
291500,87.61195366666668,0.0046355453113279006,1.1413967594018686,99.90000000000002,-0.0999999999999801,199.86666666666667,-0.13333333333332575,70.7,-0.010678118654738,3.0,3.0,0,87.64139466666666,0.02581019431025786,1.141013334855496,99.8,-0.20000000000000284,199.69999999999996,-0.3000000000000398,70.6,-0.11067811865474653,3.0,3.0,0
292000,87.58251366666667,0.013907213284235026,1.14178042868915,99.90000000000002,-0.0999999999999801,199.9,-0.09999999999999432,70.7,-0.010678118654738,3.0,3.0,0,87.59321933333335,0.033428353389500245,1.141640879980139,99.90000000000002,-0.0999999999999801,199.69999999999996,-0.3000000000000398,70.6,-0.11067811865474653,3.0,3.0,0
292500,87.558426,0.013906635933967293,1.142094536966665,99.90000000000002,-0.0999999999999801,199.9,-0.09999999999999432,70.7,-0.010678118654738,3.0,3.0,0,87.56645533333334,0.021243115245496928,1.1419898135574487,99.90000000000002,-0.0999999999999801,199.69999999999996,-0.3000000000000398,70.6,-0.11067811865474653,3.0,3.0,0
293000,87.56645533333334,0.02124330422352454,1.1419898135574487,100.0,0.0,199.9,-0.09999999999999432,70.7,-0.010678118654738,3.0,3.0,0,87.55574933333334,0.018542758595562925,1.1421294519368475,99.90000000000002,-0.0999999999999801,199.73333333333335,-0.2666666666666515,70.6,-0.11067811865474653,3.0,3.0,0
293500,87.537015,0.009271667972915329,1.142373886064084,100.0,0.0,199.9,-0.09999999999999432,70.7,-0.010678118654738,3.0,3.0,0,87.54236733333335,0.02124330422352991,1.1423040414161063,99.90000000000002,-0.0999999999999801,199.80000000000004,-0.1999999999999602,70.6,-0.11067811865474653,3.0,3.0,0
294000,87.491516,0.01226493652654053,1.1429679650310323,99.90000000000002,-0.0999999999999801,199.9,-0.09999999999999432,70.7,-0.010678118654738,3.0,3.0,0,87.539691,0.016714256758825683,1.1423389648473856,99.90000000000002,-0.0999999999999801,199.83333333333334,-0.1666666666666572,70.66666666666667,-0.04401145198806944,3.0,3.0,0
294500,87.46742833333333,0.02581019431025786,1.1432827271302153,99.93333333333334,-0.06666666666666288,199.9333333333333,-0.0666666666666913,70.7,-0.010678118654738,3.0,3.0,0,87.48348700000001,0.02020633714952209,1.1430728635679552,99.90000000000002,-0.0999999999999801,199.86666666666667,-0.13333333333332575,70.7,-0.010678118654738,3.0,3.0,0
295000,87.42192966666666,0.028949525891335943,1.1438777476234234,99.93333333333334,-0.06666666666666288,199.9,-0.09999999999999432,70.7,-0.010678118654738,3.0,3.0,0,87.45137,0.02020633714952209,1.1434926634082463,99.90000000000002,-0.0999999999999801,199.9,-0.09999999999999432,70.7,-0.010678118654738,3.0,3.0,0
295500,87.40051833333332,0.009271090622647598,1.1441579741966061,100.0,0.0,199.9,-0.09999999999999432,70.7,-0.010678118654738,3.0,3.0,0,87.424606,0.032449353290936435,1.1438427300433016,99.90000000000002,-0.0999999999999801,199.9,-0.09999999999999432,70.7,-0.010678118654738,3.0,3.0,0
296000,87.36572533333333,0.027814426568478254,1.1446136298698617,100.0,0.0,199.9333333333333,-0.0666666666666913,70.7,-0.010678118654738,3.0,3.0,0,87.38981266666667,0.013907213284235026,1.1442981389768245,99.90000000000002,-0.0999999999999801,199.9,-0.09999999999999432,70.7,-0.010678118654738,3.0,3.0,0
296500,87.33360833333332,0.016058500002594435,1.1450345623911682,100.0,0.0,199.9,-0.09999999999999432,70.7,-0.010678118654738,3.0,3.0,0,87.34966666666666,0.021243115245496928,1.144824059622437,99.96666666666665,-0.03333333333334565,199.9,-0.09999999999999432,70.7,-0.010678118654738,3.0,3.0,0
297000,87.33360866666668,0.01390721328424323,1.1450345580208208,100.0,0.0,200.0,0.0,70.7,-0.010678118654738,3.0,3.0,0,87.32825566666668,0.012265045631117508,1.145104745727449,99.93333333333334,-0.06666666666666288,199.9,-0.09999999999999432,70.7,-0.010678118654738,3.0,3.0,0
297500,87.28810933333334,0.0046355453113279006,1.1456314126145504,100.0,0.0,200.0,0.0,70.7,-0.010678118654738,3.0,3.0,0,87.30416766666667,0.05696406142765128,1.1454206903593296,100.0,0.0,199.9,-0.09999999999999432,70.7,-0.010678118654738,3.0,3.0,0
298000,87.234582,0.023178303906890827,1.146334374594699,100.0,0.0,199.96666666666667,-0.03333333333333144,70.7,-0.010678118654738,3.0,3.0,0,87.25599266666666,0.012265045631111304,1.1460530898091745,100.0,0.0,199.9,-0.09999999999999432,70.7,-0.010678118654738,3.0,3.0,0
298500,87.20514133333334,0.028949525891335943,1.1467213798525884,100.0,0.0,199.9333333333333,-0.0666666666666913,70.7,-0.010678118654738,3.0,3.0,0,87.231905,0.016714256758825683,1.1463695536627339,100.0,0.0,199.9333333333333,-0.0666666666666913,70.7,-0.010678118654738,3.0,3.0,0
299000,87.20246466666667,0.012264500084937357,1.1467565782945721,100.0,0.0,200.0,0.0,70.7,-0.010678118654738,3.3333333333333335,4.0,0,87.20514133333332,0.016058500002594435,1.1467213798525888,100.0,0.0,200.0,0.0,70.7,-0.010678118654738,3.0,3.0,0
299500,87.16767166666666,0.03960669087835548,1.1472143064966192,100.0,0.0,200.03333333333333,0.03333333333333144,70.7,-0.010678118654738,3.0,3.0,0,87.15964233333334,0.009271090622647598,1.1473199903409423,100.0,0.0,199.9333333333333,-0.0666666666666913,70.7,-0.010678118654738,3.6666666666666665,4.0,0
300000,87.14090766666668,0.02124330422352454,1.1475666558641116,100.0,0.0,200.0,0.0,70.7,-0.010678118654738,3.0,3.0,0,87.15696600000001,0.013906635933967293,1.1473552211535218,100.0,0.0,200.0,0.0,70.7,-0.010678118654738,3.3333333333333335,4.0,0
300500,87.11681966666667,0.02124330422352991,1.1478839606706028,100.0,0.0,200.0666666666667,0.0666666666666913,70.7,-0.010678118654738,3.0,3.0,0,87.09808533333334,0.018542758595562925,1.148130864384558,100.0,0.0,200.0,0.0,70.7,-0.010678118654738,3.0,3.0,0
301000,87.05793933333332,0.02819744336519802,1.1486603147946477,100.0,0.0,199.96666666666667,-0.03333333333333144,70.7,-0.010678118654738,3.0,3.0,0,87.09273233333333,0.013907213284235026,1.1482014322075256,100.0,0.0,200.0,0.0,70.7,-0.010678118654738,3.0,3.0,0
301500,87.044557,0.008029000000000508,1.1488369111925056,100.0,0.0,200.0,0.0,70.7,-0.010678118654738,3.0,3.0,0,87.03385166666665,0.024529982151100065,1.1489782203709973,100.0,0.0,200.1,0.09999999999999432,70.7,-0.010678118654738,3.0,3.0,0
302000,87.01244066666668,0.027813849218210524,1.1492609474441358,100.0,0.0,200.03333333333333,0.03333333333333144,70.7,-0.010678118654738,3.3333333333333335,4.0,0,87.01511666666666,0.012265045631111304,1.1492256039036897,100.0,0.0,200.1,0.09999999999999432,70.7,-0.010678118654738,3.6666666666666665,4.0,0
302500,86.96694133333334,0.036205764214190854,1.1498622173765154,100.0,0.0,200.03333333333333,0.03333333333333144,70.7,-0.010678118654738,3.3333333333333335,4.0,0,86.996382,0.044704567898590494,1.1494730895820473,100.0,0.0,200.1,0.09999999999999432,70.7,-0.010678118654738,3.3333333333333335,4.0,0
303000,86.934825,0.02452954571532071,1.1502870109878292,100.0,0.0,200.03333333333333,0.03333333333333144,70.7,-0.010678118654738,3.3333333333333335,4.0,0,86.96694166666667,0.02581019431025786,1.1498622129692384,100.09999999999998,0.0999999999999801,200.1,0.09999999999999432,70.73333333333333,0.02265521467859344,3.0,3.0,0
303500,86.93214833333333,0.028949525891335943,1.150322428666541,100.0,0.0,200.0666666666667,0.0666666666666913,70.7,-0.010678118654738,3.0,3.0,0,86.94017766666667,0.008029500005188444,1.1502161909929076,100.09999999999998,0.0999999999999801,200.1,0.09999999999999432,70.8,0.08932188134525632,3.0,3.0,0
304000,86.90806066666666,0.013907213284235026,1.1506412550562726,100.03333333333335,0.03333333333334565,200.1,0.09999999999999432,70.73333333333333,0.02265521467859344,3.3333333333333335,4.0,0,86.87326733333333,0.02020640337451183,1.1511020946904105,100.09999999999998,0.0999999999999801,200.1,0.09999999999999432,70.8,0.08932188134525632,3.6666666666666665,4.0,0
304500,86.85453266666667,0.02581019431025786,1.151350389320307,100.0,0.0,200.0,0.0,70.7,-0.010678118654738,3.0,3.0,0,86.86523833333332,0.012265045631117508,1.151208491666872,100.09999999999998,0.0999999999999801,200.16666666666666,0.1666666666666572,70.8,0.08932188134525632,3.3333333333333335,4.0,0
305000,86.82241600000002,0.009271667972915329,1.1517762878194955,100.0,0.0,200.0666666666667,0.0666666666666913,70.7,-0.010678118654738,3.0,3.0,0,86.835798,0.028949941917035617,1.1515987910884402,100.09999999999998,0.0999999999999801,200.19999999999996,0.1999999999999602,70.8,0.08932188134525632,3.0,3.0,0
305500,86.78762266666666,0.027813849218210524,1.1522380372611352,100.0,0.0,200.0666666666667,0.0666666666666913,70.7,-0.010678118654738,3.3333333333333335,4.0,0,86.81706333333334,0.012265045631117508,1.1518473000641694,100.09999999999998,0.0999999999999801,200.19999999999996,0.1999999999999602,70.8,0.08932188134525632,3.3333333333333335,4.0,0
306000,86.77691733333332,0.018542758595562925,1.1523801844201642,100.06666666666666,0.06666666666666288,200.1,0.09999999999999432,70.73333333333333,0.02265521467859344,3.0,3.0,0,86.78226966666666,0.025810194310260808,1.1523091108829377,100.09999999999998,0.0999999999999801,200.19999999999996,0.1999999999999602,70.8,0.08932188134525632,3.0,3.0,0
306500,86.73677099999999,0.016714256758825683,1.152913566496498,100.03333333333335,0.03333333333334565,200.1,0.09999999999999432,70.7,-0.010678118654738,3.0,3.0,0,86.75282966666667,0.009271090622647598,1.1527001526547709,100.09999999999998,0.0999999999999801,200.26666666666665,0.2666666666666515,70.8,0.08932188134525632,3.3333333333333335,4.0,0
307000,86.696625,0.01671425675882796,1.1534474381211495,100.06666666666666,0.06666666666666288,200.1,0.09999999999999432,70.7,-0.010678118654738,3.3333333333333335,4.0,0,86.723389,0.03679448223578857,1.1530914687847358,100.09999999999998,0.0999999999999801,200.30000000000004,0.3000000000000398,70.8,0.08932188134525632,3.3333333333333335,4.0,0
307500,86.66986133333334,0.012264500084937357,1.1538036228695323,100.03333333333335,0.03333333333334565,200.1,0.09999999999999432,70.7,-0.010678118654738,3.6666666666666665,4.0,0,86.696625,0.01671425675882796,1.1534474381211495,100.16666666666667,0.1666666666666714,200.30000000000004,0.3000000000000398,70.8,0.08932188134525632,3.3333333333333335,4.0,0
308000,86.65112633333332,0.008029500005188444,1.1540530888809875,100.03333333333335,0.03333333333334565,200.1,0.09999999999999432,70.73333333333333,0.02265521467859344,3.3333333333333335,4.0,0,86.61900966666667,0.016058500002594435,1.154480989621412,100.2,0.20000000000000284,200.30000000000004,0.3000000000000398,70.8,0.08932188134525632,3.3333333333333335,4.0,0
308500,86.621686,0.030397875698802982,1.1544453198475033,100.09999999999998,0.0999999999999801,200.13333333333333,0.13333333333332575,70.8,0.08932188134525632,3.0,3.0,0,86.61098066666666,0.028949525891343825,1.154588012169758,100.2,0.20000000000000284,200.30000000000004,0.3000000000000398,70.8,0.08932188134525632,3.3333333333333335,4.0,0
309000,86.57083466666666,0.02124330422352991,1.1551234360283247,100.03333333333335,0.03333333333334565,200.1,0.09999999999999432,70.73333333333333,0.02265521467859344,3.3333333333333335,4.0,0,86.57886366666666,0.016058500002594435,1.1550163142011824,100.2,0.20000000000000284,200.33333333333334,0.3333333333333428,70.8,0.08932188134525632,3.6666666666666665,4.0,0
309500,86.55209966666666,0.030398227881464745,1.155373473146515,100.09999999999998,0.0999999999999801,200.13333333333333,0.13333333333332575,70.8,0.08932188134525632,3.3333333333333335,4.0,0,86.554776,0.0,1.1553377482023637,100.2,0.20000000000000284,200.4,0.4000000000000057,70.8,0.08932188134525632,3.0,3.0,0
310000,86.51195333333334,0.025810194310260808,1.1559096303686125,100.06666666666666,0.06666666666666288,200.13333333333333,0.13333333333332575,70.76666666666667,0.05598854801192488,3.3333333333333335,4.0,0,86.51730633333334,0.016713696309715774,1.1558381119116288,100.2,0.20000000000000284,200.4,0.4000000000000057,70.8,0.08932188134525632,3.3333333333333335,4.0,0
310500,86.49321866666666,0.004636122661587428,1.1561600035418578,100.09999999999998,0.0999999999999801,200.1,0.09999999999999432,70.8,0.08932188134525632,3.6666666666666665,4.0,0,86.47716033333334,0.016713696309713498,1.1563746960994297,100.2,0.20000000000000284,200.4,0.4000000000000057,70.86666666666667,0.1559885480119334,3.6666666666666665,4.0,0
311000,86.44504333333333,0.032449806922896576,1.1568043249674658,100.09999999999998,0.0999999999999801,200.16666666666666,0.1666666666666572,70.8,0.08932188134525632,3.6666666666666665,4.0,0,86.45039633333333,0.02124330422352991,1.1567326957579516,100.2,0.20000000000000284,200.4,0.4000000000000057,70.86666666666667,0.1559885480119334,3.6666666666666665,4.0,0
311500,86.38883933333334,0.0046355453113279006,1.1575569341098297,100.06666666666666,0.06666666666666288,200.1,0.09999999999999432,70.7,-0.010678118654738,3.3333333333333335,4.0,0,86.42630866666667,0.021243115245491558,1.1570550859193238,100.2,0.20000000000000284,200.4,0.4000000000000057,70.9,0.18932188134526484,3.6666666666666665,4.0,0
312000,86.38616266666668,0.021243115245496928,1.157592800896415,100.09999999999998,0.0999999999999801,200.13333333333333,0.13333333333332575,70.8,0.08932188134525632,3.3333333333333335,4.0,0,86.41827966666666,0.008029500005188444,1.1571625862690262,100.2,0.20000000000000284,200.5,0.5,70.9,0.18932188134526484,3.6666666666666665,4.0,0
312500,86.34601666666667,0.02124330422352991,1.1581310158874343,100.09999999999998,0.0999999999999801,200.13333333333333,0.13333333333332575,70.8,0.08932188134525632,3.6666666666666665,4.0,0,86.362075,0.008029000000000508,1.1579156707385736,100.2,0.20000000000000284,200.5,0.5,70.9,0.18932188134526484,3.6666666666666665,4.0,0
313000,86.31122366666666,0.012264500084931155,1.1585978711899543,100.09999999999998,0.0999999999999801,200.1,0.09999999999999432,70.76666666666667,0.05598854801192488,3.0,3.0,0,86.34334033333333,0.018542758595562925,1.1581669137879582,100.2,0.20000000000000284,200.5,0.5,70.9,0.18932188134526484,3.3333333333333335,4.0,0
313500,86.32460566666667,0.01671409663527685,1.1584182658897906,100.09999999999998,0.0999999999999801,200.19999999999996,0.1999999999999602,70.8,0.08932188134525632,3.6666666666666665,4.0,0,86.30587066666668,0.021243115245496928,1.1586697315901398,100.23333333333333,0.23333333333333428,200.5,0.5,70.9,0.18932188134526484,4.0,4.0,0
314000,86.26840133333333,0.004635545311319696,1.1591729816993943,100.09999999999998,0.0999999999999801,200.13333333333333,0.13333333333332575,70.8,0.08932188134525632,3.6666666666666665,4.0,0,86.273754,0.013906635933975498,1.159101063343088,100.3,0.29999999999999716,200.5,0.5,70.9,0.18932188134526484,3.3333333333333335,4.0,0
314500,86.22557866666666,0.024087500001730065,1.1597486679281435,100.09999999999998,0.0999999999999801,200.1,0.09999999999999432,70.8,0.08932188134525632,4.0,4.0,0,86.23093166666666,0.024529982151100065,1.1596766736390938,100.3,0.29999999999999716,200.5,0.5,70.9,0.18932188134526484,3.3333333333333335,4.0,0
315000,86.214873,0.009271667972915329,1.1598926788420834,100.09999999999998,0.0999999999999801,200.19999999999996,0.1999999999999602,70.8,0.08932188134525632,3.3333333333333335,4.0,0,86.22022633333334,0.004635545311319696,1.1598206621888594,100.3,0.29999999999999716,200.5666666666667,0.5666666666666913,70.9,0.18932188134526484,3.6666666666666665,4.0,0
315500,86.15866899999999,0.016714256758825683,1.16064931318751,100.09999999999998,0.0999999999999801,200.16666666666666,0.1666666666666572,70.8,0.08932188134525632,4.0,4.0,0,86.17205066666666,0.018542758595562925,1.16046907583554,100.3,0.29999999999999716,200.6,0.5999999999999943,70.9,0.18932188134526484,4.0,4.0,0
316000,86.118523,0.03039787569880799,1.1611903748047328,100.06666666666666,0.06666666666666288,200.1,0.09999999999999432,70.76666666666667,0.05598854801192488,3.6666666666666665,4.0,0,86.139934,0.016714256758825683,1.1609017485432482,100.3,0.29999999999999716,200.6,0.5999999999999943,70.9,0.18932188134526484,3.3333333333333335,4.0,0
316500,86.09711166666666,0.01390721328424323,1.161479149116636,100.09999999999998,0.0999999999999801,200.13333333333333,0.13333333333332575,70.8,0.08932188134525632,4.0,4.0,0,86.13458133333334,0.012265045631111304,1.160973890533103,100.3,0.29999999999999716,200.63333333333333,0.6333333333333258,70.9,0.18932188134526484,4.0,4.0,0
317000,86.05696566666666,0.03499874669660574,1.1620209848827385,100.09999999999998,0.0999999999999801,200.19999999999996,0.1999999999999602,70.8,0.08932188134525632,3.6666666666666665,4.0,0,86.08640633333334,0.02581019431025786,1.1616235856424546,100.3,0.29999999999999716,200.66666666666666,0.6666666666666572,70.9,0.18932188134526484,3.3333333333333335,4.0,0
317500,86.01414299999999,0.023178303906890827,1.162599504130385,100.06666666666666,0.06666666666666288,200.1,0.09999999999999432,70.76666666666667,0.05598854801192488,3.3333333333333335,4.0,0,86.04626,0.009271667972915329,1.1621655607111803,100.3,0.29999999999999716,200.6,0.5999999999999943,70.9,0.18932188134526484,3.3333333333333335,4.0,0
318000,86.02217233333333,0.03960669087835068,1.1624909867714455,100.09999999999998,0.0999999999999801,200.19999999999996,0.1999999999999602,70.8,0.08932188134525632,3.6666666666666665,4.0,0,86.011467,0.02452954571532071,1.1626356750780684,100.3,0.29999999999999716,200.6,0.5999999999999943,70.9,0.18932188134526484,3.6666666666666665,4.0,0
318500,85.95526233333334,0.03244980692289774,1.1633959025359188,100.06666666666666,0.06666666666666288,200.13333333333333,0.13333333333332575,70.76666666666667,0.05598854801192488,3.6666666666666665,4.0,0,85.98737933333332,0.0046355453113279006,1.1629613645084615,100.3,0.29999999999999716,200.69999999999996,0.6999999999999602,70.9,0.18932188134526484,4.0,4.0,0
319000,85.94990933333334,0.025810194310260808,1.1634683593693764,100.09999999999998,0.0999999999999801,200.19999999999996,0.1999999999999602,70.8,0.08932188134525632,3.6666666666666665,4.0,0,85.92849833333332,0.02124330422352454,1.1637582634352643,100.3,0.29999999999999716,200.69999999999996,0.6999999999999602,70.93333333333334,0.22265521467859628,4.0,4.0,0
319500,85.90441066666666,0.021243115245496928,1.1640845821994892,100.09999999999998,0.0999999999999801,200.1,0.09999999999999432,70.8,0.08932188134525632,3.6666666666666665,4.0,0,85.92849833333332,0.024087500001730065,1.1637582634352643,100.3,0.29999999999999716,200.66666666666666,0.6666666666666572,70.9,0.18932188134526484,3.6666666666666665,4.0,0
320000,85.88299933333333,0.04120260231263823,1.1643747979955272,100.09999999999998,0.0999999999999801,200.13333333333333,0.13333333333332575,70.8,0.08932188134525632,4.0,4.0,0,85.91511633333334,0.012264500084937357,1.163939528546061,100.40000000000002,0.4000000000000199,200.73333333333335,0.7333333333333485,71.0,0.28932188134525916,4.0,4.0,0
320500,85.82947166666668,0.012264500084931155,1.165100961920947,100.09999999999998,0.0999999999999801,200.13333333333333,0.13333333333332575,70.76666666666667,0.05598854801192488,3.3333333333333335,4.0,0,85.85891199999999,0.012264936526534327,1.1647014581316848,100.40000000000002,0.4000000000000199,200.76666666666665,0.7666666666666515,71.0,0.28932188134525916,3.6666666666666665,4.0,0
321000,85.818766,0.016714256758825683,1.1652463052195368,100.09999999999998,0.0999999999999801,200.16666666666666,0.1666666666666572,70.8,0.08932188134525632,4.0,4.0,0,85.80806033333333,0.04248660844705445,1.1653916847850436,100.40000000000002,0.4000000000000199,200.69999999999996,0.6999999999999602,71.0,0.28932188134525916,3.6666666666666665,4.0,0
321500,85.75720866666667,0.009271090622647598,1.1660827300092549,100.09999999999998,0.0999999999999801,200.13333333333333,0.13333333333332575,70.76666666666667,0.05598854801192488,3.6666666666666665,4.0,0,85.797355,0.01671425675882796,1.1655370961027878,100.40000000000002,0.4000000000000199,200.73333333333335,0.7333333333333485,71.0,0.28932188134525916,4.0,4.0,0
322000,85.72776833333334,0.008029500005188444,1.166483182102353,100.09999999999998,0.0999999999999801,200.1,0.09999999999999432,70.8,0.08932188134525632,4.0,4.0,0,85.72776833333334,0.024087500001730065,1.166483182102353,100.40000000000002,0.4000000000000199,200.69999999999996,0.6999999999999602,71.0,0.28932188134525916,4.0,4.0,0
322500,85.725092,0.016714256758825683,1.1665195996523399,100.09999999999998,0.0999999999999801,200.19999999999996,0.1999999999999602,70.8,0.08932188134525632,3.6666666666666665,4.0,0,85.71438633333332,0.012264500084931155,1.1666652971312375,100.40000000000002,0.4000000000000199,200.76666666666665,0.7666666666666515,71.0,0.28932188134525916,4.0,4.0,0
323000,85.671564,0.016058000000001016,1.1672484466374395,100.09999999999998,0.0999999999999801,200.19999999999996,0.1999999999999602,70.8,0.08932188134525632,3.6666666666666665,4.0,0,85.69832833333334,0.0046355453113279006,1.1668839047949535,100.40000000000002,0.4000000000000199,200.80000000000004,0.8000000000000398,71.0,0.28932188134525916,4.0,4.0,0
323500,85.650153,0.03244935329093761,1.1675402377856814,100.09999999999998,0.0999999999999801,200.19999999999996,0.1999999999999602,70.8,0.08932188134525632,3.3333333333333335,4.0,0,85.65818200000001,0.030397875698802982,1.167430800714402,100.40000000000002,0.4000000000000199,200.80000000000004,0.8000000000000398,71.0,0.28932188134525916,3.6666666666666665,4.0,0
324000,85.612683,0.016714256758825683,1.168051233717322,100.09999999999998,0.0999999999999801,200.19999999999996,0.1999999999999602,70.8,0.08932188134525632,4.0,4.0,0,85.60733,0.0,1.1681242716015088,100.40000000000002,0.4000000000000199,200.80000000000004,0.8000000000000398,71.0,0.28932188134525916,4.0,4.0,0
324500,85.58859533333333,0.02020640337451183,1.1683799647668012,100.09999999999998,0.0999999999999801,200.19999999999996,0.1999999999999602,70.8,0.08932188134525632,3.3333333333333335,4.0,0,85.59394833333333,0.024529982151100065,1.1683068949052844,100.40000000000002,0.4000000000000199,200.80000000000004,0.8000000000000398,71.0,0.28932188134525916,3.6666666666666665,4.0,0
325000,85.54309666666667,0.04248660844705445,1.1690014027627165,100.09999999999998,0.0999999999999801,200.20000000000002,0.20000000000001705,70.8,0.08932188134525632,4.0,4.0,0,85.569861,0.009271667972915329,1.1686357653426596,100.40000000000002,0.4000000000000199,200.9,0.9000000000000057,71.0,0.28932188134525916,4.0,4.0,0
325500,85.52168533333334,0.009271090622647598,1.1692940756515182,100.09999999999998,0.0999999999999801,200.19999999999996,0.1999999999999602,70.8,0.08932188134525632,4.0,4.0,0,85.545773,0.02452954571532071,1.168964830091605,100.40000000000002,0.4000000000000199,200.9,0.9000000000000057,71.0,0.28932188134525916,4.0,4.0,0
326000,85.48153966666666,0.012265045631117508,1.1698432245131258,100.09999999999998,0.0999999999999801,200.16666666666666,0.1666666666666572,70.8,0.08932188134525632,4.0,4.0,0,85.48956866666667,0.018542758595562925,1.1697333553045648,100.40000000000002,0.4000000000000199,200.9,0.9000000000000057,71.0,0.28932188134525916,4.0,4.0,0
326500,85.45209933333332,0.012265045631117508,1.1702462640492648,100.09999999999998,0.0999999999999801,200.19999999999996,0.1999999999999602,70.8,0.08932188134525632,4.0,4.0,0,85.46280466666667,0.013907213284235026,1.1700996754088895,100.40000000000002,0.4000000000000199,200.9,0.9000000000000057,71.0,0.28932188134525916,4.0,4.0,0
327000,85.41462966666666,0.02124330422352991,1.1707596273642258,100.09999999999998,0.0999999999999801,200.1,0.09999999999999432,70.76666666666667,0.05598854801192488,4.0,4.0,0,85.43604066666667,0.032449806922896576,1.1704662250227091,100.5,0.5,200.9,0.9000000000000057,71.0,0.28932188134525916,4.0,4.0,0
327500,85.40124766666668,0.012265045631117508,1.1709430802500023,100.09999999999998,0.0999999999999801,200.19999999999996,0.1999999999999602,70.8,0.08932188134525632,4.0,4.0,0,85.38786533333332,0.0202064033745043,1.1711265952091023,100.5,0.5,200.9,0.9000000000000057,71.0,0.28932188134525916,4.0,4.0,0
328000,85.36377800000001,0.023178303906882622,1.1714570552395185,100.09999999999998,0.0999999999999801,200.19999999999996,0.1999999999999602,70.8,0.08932188134525632,4.0,4.0,0,85.350396,0.013906635933975498,1.171640726775304,100.5,0.5,200.9,0.9000000000000057,71.0,0.28932188134525916,4.0,4.0,0
328500,85.35039566666667,0.02124330422352991,1.1716407313511106,100.09999999999998,0.0999999999999801,200.23333333333335,0.2333333333333485,70.8,0.08932188134525632,4.0,4.0,0,85.32363199999999,0.01226493652654053,1.1720082426870906,100.5,0.5,200.9,0.9000000000000057,71.0,0.28932188134525916,4.0,4.0,0
329000,85.28883866666666,0.03244939452953022,1.172486360036262,100.09999999999998,0.0999999999999801,200.20000000000002,0.20000000000001705,70.8,0.08932188134525632,4.0,4.0,0,85.28348633333333,0.018542758595562925,1.1725599444791304,100.5,0.5,200.9,0.9000000000000057,71.0,0.28932188134525916,3.6666666666666665,4.0,0
329500,85.26742766666666,0.012264500084931155,1.1727807761590618,100.09999999999998,0.0999999999999801,200.19999999999996,0.1999999999999602,70.8,0.08932188134525632,3.6666666666666665,4.0,0,85.254046,0.0,1.1729648584654855,100.5,0.5,200.9333333333333,0.9333333333333087,71.0,0.28932188134525916,4.0,4.0,0
330000,85.216576,0.009271667972915329,1.1734806148512702,100.09999999999998,0.0999999999999801,200.13333333333333,0.13333333333332575,70.8,0.08932188134525632,4.0,4.0,0,85.22460533333333,0.032449806922896576,1.1733700567914238,100.5,0.5,200.96666666666667,0.9666666666666686,71.06666666666666,0.35598854801192203,4.0,4.0,0
330500,85.208547,0.02452954571532071,1.173591189156177,100.09999999999998,0.0999999999999801,200.19999999999996,0.1999999999999602,70.8,0.08932188134525632,4.0,4.0,0,85.203194,0.012264936526534327,1.173664921528646,100.5,0.5,201.0,1.0,71.06666666666666,0.35598854801192203,4.0,4.0,0
331000,85.157695,0.013906635933967293,1.1742920002707917,100.09999999999998,0.0999999999999801,200.16666666666666,0.1666666666666572,70.8,0.08932188134525632,4.0,4.0,0,85.15501866666666,0.02819791794322946,1.1743289070423786,100.5,0.5,201.0,1.0,71.1,0.3893218813452535,4.0,4.0,0
331500,85.13093133333332,0.012265045631117508,1.174661177010343,100.09999999999998,0.0999999999999801,200.16666666666666,0.1666666666666572,70.8,0.08932188134525632,4.0,4.0,0,85.136284,0.009271667972915329,1.174587324013343,100.5,0.5,201.0,1.0,71.1,0.3893218813452535,4.0,4.0,0
332000,85.08810866666666,0.012265045631111304,1.1752523539070636,100.09999999999998,0.0999999999999801,200.13333333333333,0.13333333333332575,70.8,0.08932188134525632,4.0,4.0,0,85.10951999999999,0.008029000000000508,1.1749566910963662,100.5,0.5,201.0,1.0,71.1,0.3893218813452535,4.0,4.0,0
332500,85.07472666666666,0.025810557245693474,1.1754372175865155,100.09999999999998,0.0999999999999801,200.19999999999996,0.1999999999999602,70.8,0.08932188134525632,4.0,4.0,0,85.055992,0.02020633714952209,1.1756961226200264,100.5,0.5,201.0,1.0,71.1,0.3893218813452535,4.0,4.0,0
333000,85.03458066666667,0.012264500084937357,1.1759921577316572,100.09999999999998,0.0999999999999801,200.19999999999996,0.1999999999999602,70.8,0.08932188134525632,4.0,4.0,0,85.02655133333333,0.02020640337451183,1.176103210489693,100.5,0.5,201.03333333333333,1.0333333333333314,71.1,0.3893218813452535,4.0,4.0,0
333500,85.007817,0.03039787569880799,1.1763624044127612,100.09999999999998,0.0999999999999801,200.16666666666666,0.1666666666666572,70.8,0.08932188134525632,4.0,4.0,0,85.01316966666667,0.028949525891335943,1.176288337349332,100.5,0.5,201.1,1.0999999999999943,71.1,0.3893218813452535,4.0,4.0,0
334000,84.96499466666667,0.027813849218210524,1.1769552907325944,100.09999999999998,0.0999999999999801,200.19999999999996,0.1999999999999602,70.8,0.08932188134525632,4.0,4.0,0,84.96231833333333,0.02581019431025786,1.1769923651055427,100.5,0.5,201.1,1.0999999999999943,71.1,0.3893218813452535,3.6666666666666665,4.0,0
334500,84.93287766666667,0.013907213284235026,1.1774003512805344,100.09999999999998,0.0999999999999801,200.16666666666666,0.1666666666666572,70.8,0.08932188134525632,4.0,4.0,0,84.93287733333334,0.01390721328424323,1.1774003559014399,100.5,0.5,201.1,1.0999999999999943,71.1,0.3893218813452535,4.0,4.0,0
335000,84.91146633333334,0.016713696309715774,1.177697245357114,100.09999999999998,0.0999999999999801,200.19999999999996,0.1999999999999602,70.8,0.08932188134525632,4.0,4.0,0,84.868644,0.013906635933975498,1.1782914782990994,100.5,0.5,201.1,1.0999999999999943,71.1,0.3893218813452535,4.0,4.0,0
335500,84.85793833333334,0.02819744336519802,1.178440131401574,100.03333333333335,0.03333333333334565,200.1,0.09999999999999432,70.73333333333333,0.02265521467859344,4.0,4.0,0,84.86864433333334,0.02124330422352454,1.1782914736711967,100.5,0.5,201.1,1.0999999999999943,71.1,0.3893218813452535,4.0,4.0,0
336000,84.836527,0.008029000000000508,1.178737550159261,100.09999999999998,0.0999999999999801,200.16666666666666,0.1666666666666572,70.8,0.08932188134525632,4.0,4.0,0,84.815116,0.04565635075211529,1.1790351144482312,100.5,0.5,201.1,1.0999999999999943,71.1,0.3893218813452535,4.0,4.0,0
336500,84.80976333333334,0.018542758595562925,1.1791095278377737,100.09999999999998,0.0999999999999801,200.13333333333333,0.13333333333332575,70.8,0.08932188134525632,4.0,4.0,0,84.76694066666666,0.012265045631111304,1.1797051918298558,100.56666666666666,0.5666666666666629,201.1,1.0999999999999943,71.1,0.3893218813452535,4.0,4.0,0
337000,84.75891166666666,0.018542758595562925,1.1798169423561302,100.06666666666666,0.06666666666666288,200.1,0.09999999999999432,70.76666666666667,0.05598854801192488,4.0,4.0,0,84.761588,0.023178303906890827,1.179779689828369,100.59999999999998,0.5999999999999801,201.1,1.0999999999999943,71.1,0.3893218813452535,4.0,4.0,0
337500,84.71073633333333,0.03039822788145974,1.180487908952934,100.09999999999998,0.0999999999999801,200.1,0.09999999999999432,70.8,0.08932188134525632,3.6666666666666665,4.0,0,84.72144200000001,0.023178303906882622,1.1803387388047526,100.59999999999998,0.5999999999999801,201.1,1.0999999999999943,71.1,0.3893218813452535,4.0,4.0,0
338000,84.69200133333334,0.027813849218210524,1.1807490486193257,100.09999999999998,0.0999999999999801,200.16666666666666,0.1666666666666572,70.8,0.08932188134525632,4.0,4.0,0,84.67594333333334,0.021243115245496928,1.1809729666233812,100.59999999999998,0.5999999999999801,201.1,1.0999999999999943,71.1,0.3893218813452535,4.0,4.0,0
338500,84.64382633333334,0.024087500001730065,1.1814210714694415,100.03333333333335,0.03333333333334565,200.0666666666667,0.0666666666666913,70.7,-0.010678118654738,4.0,4.0,0,84.64650266666666,0.004636122661587428,1.181383717574187,100.59999999999998,0.5999999999999801,201.1,1.0999999999999943,71.1,0.3893218813452535,4.0,4.0,0
339000,84.61973866666666,0.016058500002594435,1.1817573721648933,100.06666666666666,0.06666666666666288,200.13333333333333,0.13333333333332575,70.76666666666667,0.05598854801192488,4.0,4.0,0,84.633121,0.016714256758825683,1.181570510675129,100.59999999999998,0.5999999999999801,201.13333333333333,1.1333333333333258,71.1,0.3893218813452535,4.0,4.0,0
339500,84.60368033333333,0.024087500001730065,1.1819816774637475,100.06666666666666,0.06666666666666288,200.1,0.09999999999999432,70.76666666666667,0.05598854801192488,4.0,4.0,0,84.57691633333333,0.012265045631111304,1.1823557104621956,100.59999999999998,0.5999999999999801,201.16666666666666,1.1666666666666572,71.1,0.3893218813452535,4.0,4.0,0
340000,84.566211,0.023178303906890827,1.1825053862233463,100.09999999999998,0.0999999999999801,200.1,0.09999999999999432,70.8,0.08932188134525632,4.0,4.0,0,84.542123,0.02020633714952209,1.1828423092710836,100.59999999999998,0.5999999999999801,201.19999999999996,1.1999999999999602,71.1,0.3893218813452535,4.0,4.0,0
340500,84.547476,0.008029000000000508,1.1827674193372726,100.09999999999998,0.0999999999999801,200.13333333333333,0.13333333333332575,70.8,0.08932188134525632,4.0,4.0,0,84.53141766666666,0.02124330422352991,1.1829921082635892,100.59999999999998,0.5999999999999801,201.19999999999996,1.1999999999999602,71.1,0.3893218813452535,4.0,4.0,0
341000,84.50465366666667,0.004635545311319696,1.1833667811296593,100.09999999999998,0.0999999999999801,200.1,0.09999999999999432,70.76666666666667,0.05598854801192488,4.0,4.0,0,84.47788966666667,0.01671409663527685,1.1837416914009165,100.59999999999998,0.5999999999999801,201.19999999999996,1.1999999999999602,71.1,0.3893218813452535,4.0,4.0,0
341500,84.49127166666666,0.016058500002594435,1.1835542065755393,100.09999999999998,0.0999999999999801,200.16666666666666,0.1666666666666572,70.8,0.08932188134525632,4.0,4.0,0,84.45647833333334,0.03342795306825382,1.1840417925705995,100.59999999999998,0.5999999999999801,201.19999999999996,1.1999999999999602,71.1,0.3893218813452535,4.0,4.0,0
342000,84.44042,0.020206337149514562,1.1842669659861946,100.09999999999998,0.0999999999999801,200.1,0.09999999999999432,70.8,0.08932188134525632,4.0,4.0,0,84.42971433333334,0.012264500084931155,1.1844171307413678,100.59999999999998,0.5999999999999801,201.19999999999996,1.1999999999999602,71.1,0.3893218813452535,4.0,4.0,0
342500,84.39759733333334,0.009271090622647598,1.1848678535840782,100.06666666666666,0.06666666666666288,200.1,0.09999999999999432,70.73333333333333,0.02265521467859344,4.0,4.0,0,84.37886266666668,0.02124330422352454,1.1851309301838262,100.59999999999998,0.5999999999999801,201.19999999999996,1.1999999999999602,71.1,0.3893218813452535,4.0,4.0,0
343000,84.35745166666666,0.018542758595562925,1.1854317315694163,100.06666666666666,0.06666666666666288,200.1,0.09999999999999432,70.73333333333333,0.02265521467859344,4.0,4.0,0,84.368157,0.01671425675882796,1.18528131413372,100.59999999999998,0.5999999999999801,201.23333333333335,1.2333333333333485,71.13333333333333,0.4226552146785849,4.0,4.0,0
343500,84.346746,0.024087999999999,1.1855821918725828,100.03333333333335,0.03333333333334565,200.1,0.09999999999999432,70.73333333333333,0.02265521467859344,4.0,4.0,0,84.31730533333332,0.0046355453113279006,1.1859961558860066,100.59999999999998,0.5999999999999801,201.23333333333335,1.2333333333333485,71.13333333333333,0.4226552146785849,4.0,4.0,0
344000,84.29321800000001,0.030397875698802982,1.1863350619737876,100.03333333333335,0.03333333333334565,200.0666666666667,0.0666666666666913,70.7,-0.010678118654738,4.0,4.0,0,84.30660033333334,0.04883965114877029,1.1861467501312797,100.59999999999998,0.5999999999999801,201.19999999999996,1.1999999999999602,71.13333333333333,0.4226552146785849,4.0,4.0,0
344500,84.28251233333333,0.008029500005188444,1.1864857516883782,100.06666666666666,0.06666666666666288,200.1,0.09999999999999432,70.73333333333333,0.02265521467859344,4.0,4.0,0,84.274483,0.0,1.1865987952723482,100.63333333333333,0.6333333333333258,201.30000000000004,1.3000000000000398,71.2,0.489321881345262,4.0,4.0,0
345000,84.26110133333333,0.032449806922896576,1.186787241296601,100.06666666666666,0.06666666666666288,200.13333333333333,0.13333333333332575,70.76666666666667,0.05598854801192488,4.0,4.0,0,84.220955,0.02452954571532071,1.1873529574676516,100.59999999999998,0.5999999999999801,201.30000000000004,1.3000000000000398,71.2,0.489321881345262,4.0,4.0,0
345500,84.199544,0.016714256758825683,1.18765488801222,100.03333333333335,0.03333333333334565,200.1,0.09999999999999432,70.73333333333333,0.02265521467859344,4.0,4.0,0,84.19419133333334,0.01390721328424323,1.1877303934672865,100.63333333333333,0.6333333333333258,201.30000000000004,1.3000000000000398,71.2,0.489321881345262,4.0,4.0,0
346000,84.16207466666667,0.02124330422352991,1.188183637298168,100.0,0.0,200.0666666666667,0.0666666666666913,70.7,-0.010678118654738,4.0,4.0,0,84.18080933333333,0.004635545311319696,1.1879192038179027,100.7,0.7000000000000028,201.30000000000004,1.3000000000000398,71.2,0.489321881345262,4.0,4.0,0
346500,84.14333933333334,0.02581019431025786,1.1884481979476782,100.03333333333335,0.03333333333334565,200.0666666666667,0.0666666666666913,70.73333333333333,0.02265521467859344,4.0,4.0,0,84.10319366666667,0.024529982151100065,1.189015489665452,100.63333333333333,0.6333333333333258,201.30000000000004,1.3000000000000398,71.2,0.489321881345262,4.0,4.0,0
347000,84.10051700000001,0.020206337149514562,1.1890533324545436,100.0,0.0,200.0666666666667,0.0666666666666913,70.7,-0.010678118654738,4.0,4.0,0,84.08445866666666,0.012265045631117508,1.1892804162113573,100.59999999999998,0.5999999999999801,201.30000000000004,1.3000000000000398,71.2,0.489321881345262,4.0,4.0,0
347500,84.05769466666668,0.021243115245496928,1.189659083520587,100.0,0.0,200.03333333333333,0.03333333333333144,70.7,-0.010678118654738,4.0,4.0,0,84.07910600000001,0.01671425675882796,1.1893561285011758,100.66666666666667,0.6666666666666714,201.30000000000004,1.3000000000000398,71.2,0.489321881345262,4.0,4.0,0
348000,84.04431266666667,0.012265045631111304,1.1898485076154548,100.0,0.0,200.1,0.09999999999999432,70.7,-0.010678118654738,4.0,4.0,0,84.01487233333334,0.01671409663527685,1.1902654520885878,100.7,0.7000000000000028,201.33333333333334,1.3333333333333428,71.2,0.489321881345262,4.0,4.0,0
348500,84.01754866666666,0.028949525891335943,1.1902275368297464,100.03333333333335,0.03333333333334565,200.13333333333333,0.13333333333332575,70.73333333333333,0.02265521467859344,4.0,4.0,0,83.98543233333334,0.02124330422352454,1.1906826841481957,100.7,0.7000000000000028,201.33333333333334,1.3333333333333428,71.2,0.489321881345262,4.0,4.0,0
349000,83.98007933333334,0.012264500084931155,1.1907585798184408,100.03333333333335,0.03333333333334565,200.1,0.09999999999999432,70.7,-0.010678118654738,4.0,4.0,0,83.945286,0.0289499419170435,1.1912521210541829,100.7,0.7000000000000028,201.33333333333334,1.3333333333333428,71.2,0.489321881345262,4.0,4.0,0
349500,83.96134433333333,0.03679459134618937,1.1910242837822118,100.09999999999998,0.0999999999999801,200.13333333333333,0.13333333333332575,70.76666666666667,0.05598854801192488,4.0,4.0,0,83.937257,0.013906635933975498,1.1913660700158453,100.7,0.7000000000000028,201.33333333333334,1.3333333333333428,71.2,0.489321881345262,4.0,4.0,0
350000,83.91584566666667,0.02020640337451183,1.1916700499834483,100.0,0.0,200.03333333333333,0.03333333333333144,70.7,-0.010678118654738,4.0,4.0,0,83.89711066666666,0.024087500001730065,1.1919361609163401,100.7,0.7000000000000028,201.4,1.4000000000000057,71.2,0.489321881345262,4.0,4.0,0
350500,83.89978733333334,0.018542181245295195,1.1918981344100505,100.09999999999998,0.0999999999999801,200.13333333333333,0.13333333333332575,70.76666666666667,0.05598854801192488,4.0,4.0,0,83.87302333333334,0.01390721328424323,1.192278470785223,100.7,0.7000000000000028,201.4,1.4000000000000057,71.2,0.489321881345262,4.0,4.0,0
351000,83.84625933333332,0.0202064033745043,1.1926590499696235,100.03333333333335,0.03333333333334565,200.0666666666667,0.0666666666666913,70.7,-0.010678118654738,4.0,4.0,0,83.81681866666666,0.01390721328424323,1.1930779715905546,100.7,0.7000000000000028,201.4,1.4000000000000057,71.2,0.489321881345262,4.0,4.0,0
351500,83.80878966666667,0.024087500001730065,1.1931922701393345,100.0,0.0,200.03333333333333,0.03333333333333144,70.7,-0.010678118654738,4.0,4.0,0,83.792731,0.008029000000000508,1.1934209424442794,100.7,0.7000000000000028,201.4,1.4000000000000057,71.2,0.489321881345262,4.0,4.0,0
352000,83.79005466666666,0.012264500084931155,1.1934590614341964,100.0,0.0,200.03333333333333,0.03333333333333144,70.7,-0.010678118654738,4.0,4.0,0,83.752585,0.008029000000000508,1.19399299735047,100.7,0.7000000000000028,201.4,1.4000000000000057,71.2,0.489321881345262,4.0,4.0,0
352500,83.73385033333334,0.03342795306825382,1.1942601421278645,100.0,0.0,200.0,0.0,70.7,-0.010678118654738,4.0,4.0,0,83.739203,0.02452954571532071,1.1941838042093618,100.7,0.7000000000000028,201.4,1.4000000000000057,71.2,0.489321881345262,4.0,4.0,0
353000,83.712439,0.013906635933967293,1.194565600937753,100.0,0.0,200.0666666666667,0.0666666666666913,70.7,-0.010678118654738,4.0,4.0,0,83.691028,0.01671425675882796,1.1948712112844402,100.7,0.7000000000000028,201.4,1.4000000000000057,71.2,0.489321881345262,4.0,4.0,0
353500,83.70173333333334,0.025810194310260808,1.1947183889461468,100.03333333333335,0.03333333333334565,200.1,0.09999999999999432,70.73333333333333,0.02265521467859344,4.0,4.0,0,83.65623466666666,0.01390721328424323,1.1953681682955977,100.7,0.7000000000000028,201.4,1.4000000000000057,71.2,0.489321881345262,4.0,4.0,0
354000,83.62679433333334,0.012264500084931155,1.1957889908036372,100.0,0.0,200.0,0.0,70.7,-0.010678118654738,4.0,4.0,0,83.645529,0.01671425675882796,1.1955211616869565,100.7,0.7000000000000028,201.4,1.4000000000000057,71.2,0.489321881345262,4.0,4.0,0
354500,83.62144133333334,0.0202064033745043,1.1958655388559754,100.0,0.0,200.03333333333333,0.03333333333333144,70.7,-0.010678118654738,4.0,4.0,0,83.58129533333333,0.05099215312509314,1.1964399403142376,100.7,0.7000000000000028,201.4333333333333,1.4333333333333087,71.2,0.489321881345262,4.0,4.0,0
355000,83.55988466666666,0.028949525891343825,1.1967465058013844,100.0,0.0,200.0,0.0,70.7,-0.010678118654738,4.0,4.0,0,83.56791366666666,0.008029500005188444,1.1966315253349173,100.7,0.7000000000000028,201.4,1.4000000000000057,71.2,0.489321881345262,4.0,4.0,0
355500,83.52776733333333,0.02124330422352991,1.1972066678249775,100.0,0.0,199.96666666666667,-0.03333333333333144,70.7,-0.010678118654738,4.0,4.0,0,83.53312033333333,0.02581019431025786,1.1971299479889737,100.7,0.7000000000000028,201.4333333333333,1.4333333333333087,71.2,0.489321881345262,4.0,4.0,0
356000,83.51706233333333,0.02581019431025786,1.1973601226642763,100.0,0.0,200.0,0.0,70.7,-0.010678118654738,4.0,4.0,0,83.51170933333333,0.027813849218210524,1.1974368720062283,100.7,0.7000000000000028,201.5,1.5,71.2,0.489321881345262,4.0,4.0,0
356500,83.48226899999999,0.03244935329093761,1.1978591525824485,100.0,0.0,200.03333333333333,0.03333333333333144,70.7,-0.010678118654738,4.0,4.0,0,83.455505,0.0,1.1982433034225843,100.7,0.7000000000000028,201.5,1.5,71.2,0.489321881345262,4.0,4.0,0
357000,83.442123,0.016714256758825683,1.1984354712547283,100.0,0.0,200.03333333333333,0.03333333333333144,70.7,-0.010678118654738,4.0,4.0,0,83.42874066666667,0.004635545311319696,1.1986277055234786,100.7,0.7000000000000028,201.5,1.5,71.2,0.489321881345262,4.0,4.0,0
357500,83.39930066666666,0.027813849218210524,1.1990508217770748,100.0,0.0,199.96666666666667,-0.03333333333333144,70.7,-0.010678118654738,4.0,4.0,0,83.383242,0.013906635933967293,1.1992817453655737,100.7,0.7000000000000028,201.5,1.5,71.2,0.489321881345262,4.0,4.0,0
358000,83.343096,0.008029000000000508,1.19985943406758,100.0,0.0,199.96666666666667,-0.03333333333333144,70.7,-0.010678118654738,4.0,4.0,0,83.35112533333334,0.021243115245491558,1.1997438498890731,100.7,0.7000000000000028,201.5,1.5,71.2,0.489321881345262,4.0,4.0,0
358500,83.34041966666666,0.012264500084931155,1.1998979654766078,100.0,0.0,200.0,0.0,70.7,-0.010678118654738,4.0,4.0,0,83.32703766666667,0.03679459134618937,1.2000906644495177,100.7,0.7000000000000028,201.5,1.5,71.2,0.489321881345262,4.0,4.0,0
359000,83.30830300000001,0.03039787569880799,1.2003605450947668,100.03333333333335,0.03333333333334565,200.0666666666667,0.0666666666666913,70.73333333333333,0.02265521467859344,4.0,4.0,0,83.284215,0.009271667972915329,1.2007077211449972,100.7,0.7000000000000028,201.5,1.5,71.2,0.489321881345262,4.0,4.0,0
359500,83.262804,0.008029000000000508,1.2010164827021679,100.0,0.0,200.03333333333333,0.03333333333333144,70.7,-0.010678118654738,4.0,4.0,0,83.24674566666665,0.024087500001730065,1.2012481593024196,100.7,0.7000000000000028,201.5,1.5,71.2,0.489321881345262,4.0,4.0,0
360000,83.217305,0.016714256758825683,1.2016731375763732,100.0,0.0,200.0,0.0,70.7,-0.010678118654738,4.0,4.0,0,83.21730533333333,0.012264500084937357,1.2016731327629788,100.7,0.7000000000000028,201.5,1.5,71.2,0.489321881345262,4.0,4.0,0
360500,83.18786466666667,0.018542181245295195,1.2020984118380664,100.0,0.0,200.0666666666667,0.0666666666666913,70.7,-0.010678118654738,4.0,4.0,0,83.17715933333334,0.018542181245295195,1.2022531281604478,100.7,0.7000000000000028,201.5,1.5,71.2,0.489321881345262,4.0,4.0,0
361000,83.17180633333334,0.025810194310260808,1.202330506075859,100.06666666666666,0.06666666666666288,200.1,0.09999999999999432,70.76666666666667,0.05598854801192488,4.0,4.0,0,83.14771866666666,0.018542181245295195,1.2026788179347763,100.7,0.7000000000000028,201.5,1.5,71.2,0.489321881345262,4.0,4.0,0
361500,83.128984,0.02452954571532071,1.2029498640329828,100.0,0.0,200.1,0.09999999999999432,70.7,-0.010678118654738,4.0,4.0,0,83.09954366666666,0.012264500084931155,1.2033760426065077,100.73333333333333,0.7333333333333343,201.5,1.5,71.2,0.489321881345262,4.0,4.0,0
362000,83.07545599999999,0.030397875698802982,1.20372496059486,100.0,0.0,200.03333333333333,0.03333333333333144,70.7,-0.010678118654738,4.0,4.0,0,83.06475033333334,0.024529982151100065,1.2038801007491942,100.8,0.7999999999999972,201.5,1.5,71.2,0.489321881345262,4.0,4.0,0
362500,83.03263333333332,0.0046355453113279006,1.2043457612448762,100.0,0.0,200.0,0.0,70.7,-0.010678118654738,4.0,4.0,0,83.03798666666667,0.028949525891335943,1.2042681188962674,100.7,0.7000000000000028,201.5,1.5,71.2,0.489321881345262,4.0,4.0,0
363000,83.02192766666667,0.02124330422352991,1.2045010614725828,100.0,0.0,200.03333333333333,0.03333333333333144,70.7,-0.010678118654738,4.0,4.0,0,82.98713466666668,0.012264500084931155,1.2050060578867878,100.7,0.7000000000000028,201.5,1.5,71.2,0.489321881345262,4.0,4.0,0
363500,82.97107666666666,0.044221282549616915,1.2052392715324936,100.06666666666666,0.06666666666666288,200.1,0.09999999999999432,70.73333333333333,0.02265521467859344,4.0,4.0,0,82.94966533333333,0.016058500002594435,1.2055503732070514,100.7,0.7000000000000028,201.5,1.5,71.2,0.489321881345262,4.0,4.0,0
364000,82.94698866666667,0.009271090622647598,1.2055892758429494,100.0,0.0,200.1,0.09999999999999432,70.7,-0.010678118654738,4.0,4.0,0,82.960371,0.016714256758825683,1.2053948022966292,100.73333333333333,0.7333333333333343,201.5,1.5,71.2,0.489321881345262,4.0,4.0,0
364500,82.933607,0.03679448223578857,1.2057838024577903,100.09999999999998,0.0999999999999801,200.13333333333333,0.13333333333332575,70.8,0.08932188134525632,4.0,4.0,0,82.87740233333334,0.044704657702894904,1.2066015244758697,100.76666666666667,0.7666666666666657,201.5,1.5,71.2,0.489321881345262,4.0,4.0,0
365000,82.87472566666666,0.036205764214190854,1.2066404949829155,100.03333333333335,0.03333333333334565,200.13333333333333,0.13333333333332575,70.73333333333333,0.02265521467859344,4.0,4.0,0,82.87204966666667,0.028197443365191276,1.2066794583001927,100.7,0.7000000000000028,201.5,1.5,71.2,0.489321881345262,4.0,4.0,0
365500,82.86134366666666,0.02124330422352991,1.2068353658646722,100.09999999999998,0.0999999999999801,200.13333333333333,0.13333333333332575,70.8,0.08932188134525632,4.0,4.0,0,82.82387433333334,0.016713696309715774,1.2073813354533447,100.7,0.7000000000000028,201.5,1.5,71.2,0.489321881345262,4.0,4.0,0
366000,82.82387466666667,0.02581019431025786,1.2073813305941123,100.06666666666666,0.06666666666666288,200.1,0.09999999999999432,70.7,-0.010678118654738,4.0,4.0,0,82.77837566666666,0.0046355453113279006,1.2080449657852874,100.7,0.7000000000000028,201.5,1.5,71.2,0.489321881345262,4.0,4.0,0
366500,82.75696433333333,0.016058500002594435,1.2083575177699144,100.0,0.0,200.1,0.09999999999999432,70.7,-0.010678118654738,4.0,4.0,0,82.743582,0.023178303906882622,1.208552948553762,100.73333333333333,0.7333333333333343,201.5,1.5,71.2,0.489321881345262,4.0,4.0,0
367000,82.72217133333334,0.004636122661587428,1.2088657537414575,100.0,0.0,200.1,0.09999999999999432,70.7,-0.010678118654738,4.0,4.0,0,82.714142,0.01671425675882796,1.2089831023091553,100.8,0.7999999999999972,201.5,1.5,71.2,0.489321881345262,4.0,4.0,0
367500,82.708789,0.0,1.2090613489698174,100.09999999999998,0.0999999999999801,200.1,0.09999999999999432,70.8,0.08932188134525632,4.0,4.0,0,82.67934866666667,0.02020640337451183,1.2094918696464816,100.7,0.7000000000000028,201.5,1.5,71.2,0.489321881345262,4.0,4.0,0
368000,82.64455566666668,0.024087500001730065,1.2100010604852627,100.0,0.0,200.1,0.09999999999999432,70.7,-0.010678118654738,4.0,4.0,0,82.66596666666666,0.009271090622647598,1.2096876626777888,100.8,0.7999999999999972,201.5,1.5,71.26666666666667,0.5559885480119249,4.0,4.0,0
368500,82.62314433333334,0.012264500084937357,1.2103146256037143,100.03333333333335,0.03333333333334565,200.1,0.09999999999999432,70.73333333333333,0.02265521467859344,4.0,4.0,0,82.60173300000001,0.03244935329093761,1.2106283532816435,100.8,0.7999999999999972,201.5,1.5,71.23333333333333,0.5226552146785934,4.0,4.0,0
369000,82.58835133333334,0.016058500002594435,1.210824509577529,100.09999999999998,0.0999999999999801,200.1,0.09999999999999432,70.76666666666667,0.05598854801192488,4.0,4.0,0,82.55623466666667,0.013907213284235026,1.2112955539186736,100.7,0.7000000000000028,201.5,1.5,71.2,0.489321881345262,4.0,4.0,0
369500,82.574969,0.030397875698802982,1.2110207392266779,100.06666666666666,0.06666666666666288,200.13333333333333,0.13333333333332575,70.76666666666667,0.05598854801192488,4.0,4.0,0,82.532147,0.03211699999999951,1.2116490802062863,100.7,0.7000000000000028,201.46666666666667,1.4666666666666686,71.2,0.489321881345262,4.0,4.0,0
370000,82.49735366666665,0.016713696309713498,1.2121600942989441,100.0,0.0,200.0666666666667,0.0666666666666913,70.7,-0.010678118654738,4.0,4.0,0,82.48932433333333,0.028197443365191276,1.2122780833542448,100.7,0.7000000000000028,201.5,1.5,71.2,0.489321881345262,4.0,4.0,0
370500,82.481295,0.02452954571532071,1.212396095381383,100.03333333333335,0.03333333333334565,200.13333333333333,0.13333333333332575,70.73333333333333,0.02265521467859344,4.0,4.0,0,82.446502,0.01226493652654053,1.21290773500615,100.7,0.7000000000000028,201.5,1.5,71.2,0.489321881345262,4.0,4.0,0
371000,82.45453133333334,0.009271090622647598,1.212789623359046,100.09999999999998,0.0999999999999801,200.1,0.09999999999999432,70.8,0.08932188134525632,4.0,4.0,0,82.419738,0.034998517282877555,1.2133016001579622,100.7,0.7000000000000028,201.5,1.5,71.2,0.489321881345262,4.0,4.0,0
371500,82.42241466666667,0.018542758595562925,1.2132621982068923,100.09999999999998,0.0999999999999801,200.1,0.09999999999999432,70.76666666666667,0.05598854801192488,4.0,4.0,0,82.37156266666666,0.024087500001730065,1.2140112043845812,100.7,0.7000000000000028,201.5,1.5,71.2,0.489321881345262,4.0,4.0,0
372000,82.36621000000001,0.016714256758825683,1.2140900983546528,100.0,0.0,200.0666666666667,0.0666666666666913,70.7,-0.010678118654738,4.0,4.0,0,82.352828,0.023178303906890827,1.214287383063518,100.7,0.7000000000000028,201.5,1.5,71.2,0.489321881345262,4.0,4.0,0
372500,82.34479900000001,0.01671425675882796,1.21440578171792,100.06666666666666,0.06666666666666288,200.1,0.09999999999999432,70.73333333333333,0.02265521467859344,4.0,4.0,0,82.28859433333334,0.012265045631117508,1.2152352438409821,100.7,0.7000000000000028,201.46666666666667,1.4666666666666686,71.2,0.489321881345262,4.0,4.0,0
373000,82.28859466666667,0.004635545311319696,1.2152352389183265,100.0,0.0,200.1,0.09999999999999432,70.7,-0.010678118654738,4.0,4.0,0,82.25915400000001,0.013906635933967293,1.2156701733159083,100.7,0.7000000000000028,201.4,1.4000000000000057,71.2,0.489321881345262,4.0,4.0,0
373500,82.26450666666666,0.012264500084931155,1.215591073866121,100.0,0.0,200.1,0.09999999999999432,70.7,-0.010678118654738,4.0,4.0,0,82.22971366666667,0.01671409663527685,1.2161054142225092,100.7,0.7000000000000028,201.4333333333333,1.4333333333333087,71.2,0.489321881345262,4.0,4.0,0
374000,82.213655,0.01671425675882796,1.2163429542209259,100.0,0.0,200.03333333333333,0.03333333333333144,70.7,-0.010678118654738,4.0,4.0,0,82.17618566666665,0.012264500084937357,1.2168975620946016,100.7,0.7000000000000028,201.4,1.4000000000000057,71.2,0.489321881345262,4.0,4.0,0
374500,82.17618533333332,0.0202064033745043,1.2168975670307338,100.0,0.0,200.0,0.0,70.7,-0.010678118654738,4.0,4.0,0,82.16012733333334,0.012265045631117508,1.2171354067440547,100.7,0.7000000000000028,201.4,1.4000000000000057,71.2,0.489321881345262,4.0,4.0,0
375000,82.13871566666667,0.02124330422352991,1.2174526858420522,100.09999999999998,0.0999999999999801,200.1,0.09999999999999432,70.73333333333333,0.02265521467859344,4.0,4.0,0,82.10659933333334,0.02124330422352454,1.2179288974571179,100.7,0.7000000000000028,201.4,1.4000000000000057,71.2,0.489321881345262,4.0,4.0,0
375500,82.10659933333334,0.03499817315708454,1.2179288974571179,100.0,0.0,200.0666666666667,0.0666666666666913,70.7,-0.010678118654738,4.0,4.0,0,82.07448266666667,0.013907213284235026,1.2184054867105913,100.7,0.7000000000000028,201.4,1.4000000000000057,71.2,0.489321881345262,4.0,4.0,0
376000,82.093217,0.023178303906890827,1.2181274367649644,100.09999999999998,0.0999999999999801,200.13333333333333,0.13333333333332575,70.76666666666667,0.05598854801192488,4.0,4.0,0,82.05574766666666,0.012264500084931155,1.2186836735219073,100.7,0.7000000000000028,201.4,1.4000000000000057,71.2,0.489321881345262,4.0,4.0,0
376500,82.02363066666666,0.018542181245295195,1.2191608587333442,100.0,0.0,200.0,0.0,70.7,-0.010678118654738,4.0,4.0,0,82.02363066666668,0.0046355453113279006,1.219160858733344,100.7,0.7000000000000028,201.4,1.4000000000000057,71.2,0.489321881345262,4.0,4.0,0
377000,81.96475,0.009271667972915329,1.2200366621016963,100.0,0.0,200.0,0.0,70.7,-0.010678118654738,4.0,4.0,0,81.94869166666666,0.016714096635274574,1.2202757355389953,100.7,0.7000000000000028,201.4,1.4000000000000057,71.2,0.489321881345262,4.0,4.0,0
377500,81.96207366666665,0.008029500005188444,1.2200765003420018,100.0,0.0,200.1,0.09999999999999432,70.7,-0.010678118654738,4.0,4.0,0,81.911222,0.012264936526534327,1.2208339414103724,100.7,0.7000000000000028,201.4,1.4000000000000057,71.2,0.489321881345262,4.0,4.0,0
378000,81.89783999999999,0.024087999999999,1.2210334240805376,100.0,0.0,199.96666666666667,-0.03333333333333144,70.7,-0.010678118654738,4.0,4.0,0,81.90051666666666,0.044221433856594605,1.220993518355908,100.7,0.7000000000000028,201.4,1.4000000000000057,71.2,0.489321881345262,4.0,4.0,0
378500,81.871076,0.032449353290936435,1.221432585056046,100.0,0.0,200.1,0.09999999999999432,70.7,-0.010678118654738,4.0,4.0,0,81.83895933333334,0.004636122661587428,1.2219119208578402,100.7,0.7000000000000028,201.33333333333334,1.3333333333333428,71.2,0.489321881345262,4.0,4.0,0
379000,81.844312,0.009271667972915329,1.2218320070917084,100.0,0.0,200.0,0.0,70.7,-0.010678118654738,4.0,4.0,0,81.822901,0.037084939840858124,1.2221517298683897,100.7,0.7000000000000028,201.4,1.4000000000000057,71.2,0.489321881345262,4.0,4.0,0
379500,81.80148966666667,0.008029500005188444,1.2224716249971797,100.0,0.0,200.0,0.0,70.7,-0.010678118654738,4.0,4.0,0,81.758667,0.009271667972915329,1.2231119179083485,100.7,0.7000000000000028,201.36666666666667,1.3666666666666742,71.2,0.489321881345262,4.0,4.0,0
380000,81.78007866666667,0.02581019431025786,1.2227916826492333,100.03333333333335,0.03333333333334565,200.0666666666667,0.0666666666666913,70.73333333333333,0.02265521467859344,4.0,4.0,0,81.76401966666667,0.018542758595562925,1.2230318471092454,100.7,0.7000000000000028,201.4,1.4000000000000057,71.2,0.489321881345262,4.0,4.0,0
380500,81.72655033333332,0.012265045631117508,1.2235925729415449,100.0,0.0,200.0,0.0,70.7,-0.010678118654738,4.0,4.0,0,81.70246266666668,0.025810557245693474,1.2239533146997592,100.7,0.7000000000000028,201.4,1.4000000000000057,71.2,0.489321881345262,4.0,4.0,0
381000,81.69710966666666,0.02124330422352454,1.224033511197779,100.0,0.0,200.0,0.0,70.7,-0.010678118654738,4.0,4.0,0,81.683728,0.03342851351765364,1.2242340359392019,100.7,0.7000000000000028,201.4,1.4000000000000057,71.2,0.489321881345262,4.0,4.0,0
381500,81.63822900000001,0.01671425675882796,1.2249163317837284,100.0,0.0,200.0,0.0,70.7,-0.010678118654738,4.0,4.0,0,81.624847,0.013906635933967293,1.2251171509087178,100.7,0.7000000000000028,201.4,1.4000000000000057,71.2,0.489321881345262,4.0,4.0,0
382000,81.62484733333334,0.02124330422352454,1.2251171459056778,100.0,0.0,200.0,0.0,70.7,-0.010678118654738,4.0,4.0,0,81.58470133333333,0.0349981731570878,1.225719998550055,100.7,0.7000000000000028,201.30000000000004,1.3000000000000398,71.2,0.489321881345262,4.0,4.0,0
382500,81.57934833333333,0.004635545311319696,1.2258004267379026,100.0,0.0,200.0,0.0,70.7,-0.010678118654738,4.0,4.0,0,81.55258433333333,0.016058500002594435,1.2262027110172962,100.7,0.7000000000000028,201.30000000000004,1.3000000000000398,71.2,0.489321881345262,4.0,4.0,0
383000,81.54187866666666,0.025810557245693474,1.2263636996737333,100.0,0.0,200.0,0.0,70.7,-0.010678118654738,4.0,4.0,0,81.523144,0.02452954571532071,1.2266455278025097,100.7,0.7000000000000028,201.30000000000004,1.3000000000000398,71.2,0.489321881345262,4.0,4.0,0
383500,81.51243866666667,0.027813849218210524,1.2268066277459264,100.0,0.0,199.96666666666667,-0.03333333333333144,70.7,-0.010678118654738,4.0,4.0,0,81.50976233333333,0.018542758595562925,1.2268469093438286,100.7,0.7000000000000028,201.33333333333334,1.3333333333333428,71.2,0.489321881345262,4.0,4.0,0
384000,81.482998,0.01226493652654053,1.2272498859209868,100.0,0.0,200.03333333333333,0.03333333333333144,70.7,-0.010678118654738,4.0,4.0,0,81.442852,0.02452954571532071,1.2278548398575235,100.7,0.7000000000000028,201.33333333333334,1.3333333333333428,71.2,0.489321881345262,4.0,4.0,0
384500,81.43749933333334,0.012265045631117508,1.2279355434366686,100.0,0.0,200.0,0.0,70.7,-0.010678118654738,4.0,4.0,0,81.43214666666667,0.028949525891335943,1.228016257625367,100.7,0.7000000000000028,201.30000000000004,1.3000000000000398,71.2,0.489321881345262,4.0,4.0,0
385000,81.40805866666666,0.016058500002594435,1.2283796179130113,100.0,0.0,200.03333333333333,0.03333333333333144,70.7,-0.010678118654738,4.0,4.0,0,81.36523666666666,0.009271090622647598,1.2290261061941647,100.7,0.7000000000000028,201.30000000000004,1.3000000000000398,71.2,0.489321881345262,4.0,4.0,0
385500,81.367913,0.008029000000000508,1.2289856813704931,100.0,0.0,200.0,0.0,70.7,-0.010678118654738,4.0,4.0,0,81.33044333333333,0.018542181245295195,1.2295518861264456,100.7,0.7000000000000028,201.30000000000004,1.3000000000000398,71.2,0.489321881345262,4.0,4.0,0
386000,81.343825,0.03679448223579477,1.2293496156592096,100.0,0.0,200.0,0.0,70.7,-0.010678118654738,4.333333333333333,5.0,0,81.31706133333334,0.004636122661595633,1.229754228206574,100.7,0.7000000000000028,201.30000000000004,1.3000000000000398,71.2,0.489321881345262,4.333333333333333,5.0,0
386500,81.31438466666667,0.012265045631111304,1.229794708647573,100.0,0.0,200.03333333333333,0.03333333333333144,70.7,-0.010678118654738,4.0,4.0,0,81.263533,0.013906635933975498,1.2305642679847553,100.66666666666667,0.6666666666666714,201.30000000000004,1.3000000000000398,71.2,0.489321881345262,4.333333333333333,5.0,0
387000,81.27691499999999,0.032449353290936435,1.2303616592731161,100.03333333333335,0.03333333333334565,200.0666666666667,0.0666666666666913,70.73333333333333,0.02265521467859344,4.0,4.0,0,81.23409266666665,0.004636122661595633,1.231010241110672,100.63333333333333,0.6333333333333258,201.30000000000004,1.3000000000000398,71.2,0.489321881345262,4.333333333333333,5.0,0
387500,81.23141666666668,0.02124330422352454,1.2310507941816435,100.0,0.0,200.0,0.0,70.7,-0.010678118654738,4.333333333333333,5.0,0,81.21000533333334,0.012264500084937357,1.231375365505045,100.7,0.7000000000000028,201.30000000000004,1.3000000000000398,71.2,0.489321881345262,4.0,4.0,0
388000,81.21803433333334,0.0046355453113279006,1.231253634994195,100.0,0.0,200.1,0.09999999999999432,70.7,-0.010678118654738,4.333333333333333,5.0,0,81.17253566666666,0.012264500084931155,1.2319437748088582,100.7,0.7000000000000028,201.30000000000004,1.3000000000000398,71.2,0.489321881345262,4.0,4.0,0
388500,81.17521166666667,0.02124330422352991,1.2319031628846795,100.0,0.0,200.03333333333333,0.03333333333333144,70.7,-0.010678118654738,4.0,4.0,0,81.11900766666666,0.016058500002594435,1.232756697553783,100.7,0.7000000000000028,201.30000000000004,1.3000000000000398,71.2,0.489321881345262,4.0,4.0,0
389000,81.13238966666667,0.016713696309713498,1.2325533663047659,100.0,0.0,200.03333333333333,0.03333333333333144,70.7,-0.010678118654738,4.0,4.0,0,81.08421433333332,0.016714096635274574,1.2332856749268704,100.63333333333333,0.6333333333333258,201.30000000000004,1.3000000000000398,71.2,0.489321881345262,4.0,4.0,0
389500,81.08689066666666,0.01390721328424323,1.233244969412894,100.0,0.0,200.0,0.0,70.7,-0.010678118654738,4.0,4.0,0,81.06815566666667,0.004635545311319696,1.233529974595409,100.7,0.7000000000000028,201.30000000000004,1.3000000000000398,71.2,0.489321881345262,4.0,4.0,0
390000,81.06280333333332,0.028949525891343825,1.2336114208732236,100.03333333333335,0.03333333333334565,200.0666666666667,0.0666666666666913,70.73333333333333,0.02265521467859344,4.333333333333333,5.0,0,81.02533366666667,0.02020640337451183,1.2341818968792397,100.7,0.7000000000000028,201.30000000000004,1.3000000000000398,71.2,0.489321881345262,4.0,4.0,0
390500,81.01998066666665,0.012264500084937357,1.234263439427629,100.0,0.0,200.03333333333333,0.03333333333333144,70.7,-0.010678118654738,4.0,4.0,0,81.00392266666667,0.009271090622647598,1.2345081164958234,100.7,0.7000000000000028,201.30000000000004,1.3000000000000398,71.2,0.489321881345262,4.333333333333333,5.0,0
391000,80.97180566666667,0.004635545311319696,1.2349977770245846,100.0,0.0,200.0,0.0,70.7,-0.010678118654738,4.0,4.0,0,80.966453,0.0289499419170435,1.2350794223380392,100.66666666666667,0.6666666666666714,201.30000000000004,1.3000000000000398,71.2,0.489321881345262,4.0,4.0,0
391500,80.95574733333332,0.004636122661587428,1.2352427504405887,100.0,0.0,200.0,0.0,70.7,-0.010678118654738,4.0,4.0,0,80.926307,0.0,1.2356921217225445,100.7,0.7000000000000028,201.30000000000004,1.3000000000000398,71.2,0.489321881345262,4.0,4.0,0
392000,80.91827766666667,0.008029500005188444,1.235814736590641,100.0,0.0,200.0,0.0,70.7,-0.010678118654738,4.0,4.0,0,80.87813166666666,0.024087500001730065,1.2364281659242913,100.7,0.7000000000000028,201.30000000000004,1.3000000000000398,71.2,0.489321881345262,4.0,4.0,0
392500,80.90489566666666,0.012265045631117508,1.2360191453927138,100.0,0.0,200.1,0.09999999999999432,70.7,-0.010678118654738,4.333333333333333,5.0,0,80.862073,0.008029000000000508,1.2366737122853628,100.7,0.7000000000000028,201.30000000000004,1.3000000000000398,71.2,0.489321881345262,4.333333333333333,5.0,0
393000,80.829956,0.0,1.237165092605024,100.0,0.0,200.0,0.0,70.7,-0.010678118654738,4.0,4.0,0,80.80854533333333,0.004635545311319696,1.2374928862721433,100.7,0.7000000000000028,201.30000000000004,1.3000000000000398,71.2,0.489321881345262,4.666666666666667,5.0,0
393500,80.81122166666667,0.004635545311319696,1.2374519025647697,100.0,0.0,200.0,0.0,70.7,-0.010678118654738,4.0,4.0,0,80.78178133333333,0.016058500002594435,1.237902882920664,100.59999999999998,0.5999999999999801,201.30000000000004,1.3000000000000398,71.2,0.489321881345262,4.0,4.0,0
394000,80.77910466666667,0.004635545311319696,1.237943901614755,100.0,0.0,200.0,0.0,70.7,-0.010678118654738,4.0,4.0,0,80.76572266666666,0.01390721328424323,1.2381490154272048,100.7,0.7000000000000028,201.30000000000004,1.3000000000000398,71.2,0.489321881345262,4.0,4.0,0
394500,80.752341,0.01671425675882796,1.2383541921094274,100.0,0.0,200.03333333333333,0.03333333333333144,70.7,-0.010678118654738,4.333333333333333,5.0,0,80.728253,0.016714256758825683,1.238723696894568,100.7,0.7000000000000028,201.30000000000004,1.3000000000000398,71.2,0.489321881345262,4.666666666666667,5.0,0
395000,80.706842,0.01671425675882796,1.2390523222306233,100.0,0.0,200.03333333333333,0.03333333333333144,70.7,-0.010678118654738,4.0,4.0,0,80.68543066666666,0.028949525891343825,1.2393811270974935,100.7,0.7000000000000028,201.30000000000004,1.3000000000000398,71.2,0.489321881345262,4.0,4.0,0
395500,80.67472533333334,0.02020640337451183,1.2395455898587584,100.0,0.0,200.03333333333333,0.03333333333333144,70.7,-0.010678118654738,4.0,4.0,0,80.647961,0.016714256758825683,1.2399569531584314,100.7,0.7000000000000028,201.30000000000004,1.3000000000000398,71.2,0.489321881345262,4.333333333333333,5.0,0
396000,80.64528466666667,0.02124330422352991,1.2399981029682354,100.0,0.0,200.0666666666667,0.0666666666666913,70.7,-0.010678118654738,4.666666666666667,5.0,0,80.61584433333333,0.028197917943236204,1.2404509414615366,100.7,0.7000000000000028,201.30000000000004,1.3000000000000398,71.2,0.489321881345262,4.333333333333333,5.0,0
396500,80.59443333333333,0.012265045631111304,1.2407804840119232,100.0,0.0,200.0,0.0,70.7,-0.010678118654738,4.0,4.0,0,80.56231633333333,0.01671409663527685,1.2412751339750663,100.59999999999998,0.5999999999999801,201.30000000000004,1.3000000000000398,71.2,0.489321881345262,4.0,4.0,0
397000,80.573022,0.008029000000000508,1.2411102068382145,100.0,0.0,200.0,0.0,70.7,-0.010678118654738,4.666666666666667,5.0,0,80.54893433333332,0.024087500001730065,1.2414813532625137,100.66666666666667,0.6666666666666714,201.30000000000004,1.3000000000000398,71.2,0.489321881345262,4.333333333333333,5.0,0
397500,80.54358133333334,0.009271090622647598,1.2415638632474681,100.0,0.0,200.0666666666667,0.0666666666666913,70.7,-0.010678118654738,4.0,4.0,0,80.50075933333333,0.021243115245496928,1.2422243073003227,100.59999999999998,0.5999999999999801,201.30000000000004,1.3000000000000398,71.2,0.489321881345262,4.0,4.0,0
398000,80.51681733333334,0.02124330422352454,1.2419765623125392,100.0,0.0,200.0666666666667,0.0666666666666913,70.7,-0.010678118654738,4.0,4.0,0,80.47399533333333,0.004636122661587428,1.2426374456218747,100.59999999999998,0.5999999999999801,201.30000000000004,1.3000000000000398,71.2,0.489321881345262,4.333333333333333,5.0,0
398500,80.479348,0.012264936526534327,1.2425547980334035,100.0,0.0,200.0666666666667,0.0666666666666913,70.7,-0.010678118654738,4.0,4.0,0,80.44723133333333,0.009271090622647598,1.243050858837512,100.63333333333333,0.6333333333333258,201.30000000000004,1.3000000000000398,71.2,0.489321881345262,4.333333333333333,5.0,0
399000,80.44187833333332,0.02819744336519802,1.2431335775828376,100.0,0.0,200.0666666666667,0.0666666666666913,70.7,-0.010678118654738,4.0,4.0,0,80.412438,0.013906635933967293,1.2435887094979015,100.7,0.7000000000000028,201.30000000000004,1.3000000000000398,71.2,0.489321881345262,4.666666666666667,5.0,0
399500,80.412438,0.03211699999999951,1.2435887094979015,100.03333333333335,0.03333333333334565,200.0666666666667,0.0666666666666913,70.73333333333333,0.02265521467859344,4.0,4.0,0,80.37496833333333,0.009271090622647598,1.244168452860562,100.66666666666667,0.6666666666666714,201.30000000000004,1.3000000000000398,71.2,0.489321881345262,4.333333333333333,5.0,0
400000,80.40173266666666,0.03244980692289774,1.2437542909004806,100.06666666666666,0.06666666666666288,200.1,0.09999999999999432,70.76666666666667,0.05598854801192488,4.333333333333333,5.0,0,80.36693933333333,0.012264500084931155,1.2442927505953132,100.7,0.7000000000000028,201.30000000000004,1.3000000000000398,71.2,0.489321881345262,4.333333333333333,5.0,0
400500,80.36158666666667,0.009271090622647598,1.2443756295503705,100.09999999999998,0.0999999999999801,200.1,0.09999999999999432,70.73333333333333,0.02265521467859344,4.0,4.0,0,80.292,0.016058000000001016,1.2454540925621482,100.59999999999998,0.5999999999999801,201.30000000000004,1.3000000000000398,71.2,0.489321881345262,4.666666666666667,5.0,0
401000,80.31341133333332,0.004636122661587428,1.2451220579457063,100.0,0.0,200.1,0.09999999999999432,70.7,-0.010678118654738,4.666666666666667,5.0,0,80.26255933333333,0.004635545311319696,1.2459109307080074,100.59999999999998,0.5999999999999801,201.30000000000004,1.3000000000000398,71.2,0.489321881345262,5.0,5.0,0
401500,80.27594133333334,0.01390721328424323,1.2457032373468606,100.0,0.0,200.1,0.09999999999999432,70.7,-0.010678118654738,4.666666666666667,5.0,0,80.22776633333332,0.008029500005188444,1.246451254600761,100.59999999999998,0.5999999999999801,201.30000000000004,1.3000000000000398,71.2,0.489321881345262,4.666666666666667,5.0,0
402000,80.230443,0.009271667972915329,1.246409670204613,100.0,0.0,200.03333333333333,0.03333333333333144,70.7,-0.010678118654738,4.333333333333333,5.0,0,80.18762066666666,0.01390721328424323,1.2470752862925285,100.59999999999998,0.5999999999999801,201.30000000000004,1.3000000000000398,71.2,0.489321881345262,4.333333333333333,5.0,0
402500,80.20903166666666,0.0046355453113279006,1.2467423919987066,100.0,0.0,200.1,0.09999999999999432,70.7,-0.010678118654738,4.0,4.0,0,80.16888566666667,0.004635545311319696,1.2473667204978862,100.59999999999998,0.5999999999999801,201.30000000000004,1.3000000000000398,71.2,0.489321881345262,4.333333333333333,5.0,0
403000,80.18226766666668,0.016714096635274574,1.2471585415333912,100.09999999999998,0.0999999999999801,200.1,0.09999999999999432,70.76666666666667,0.05598854801192488,4.666666666666667,5.0,0,80.14212166666665,0.012265045631111304,1.2477832869951682,100.59999999999998,0.5999999999999801,201.30000000000004,1.3000000000000398,71.2,0.489321881345262,4.0,4.0,0
403500,80.144798,0.03039787569880799,1.2477416188633978,100.06666666666666,0.06666666666666288,200.0666666666667,0.0666666666666913,70.76666666666667,0.05598854801192488,4.666666666666667,5.0,0,80.10197566666666,0.02819744336519802,1.2484086586844778,100.59999999999998,0.5999999999999801,201.30000000000004,1.3000000000000398,71.2,0.489321881345262,4.666666666666667,5.0,0
404000,80.099299,0.0,1.2484503765757051,100.0,0.0,200.0666666666667,0.0666666666666913,70.7,-0.010678118654738,4.0,4.0,0,80.05380033333333,0.009271090622647598,1.249159934739055,100.59999999999998,0.5999999999999801,201.30000000000004,1.3000000000000398,71.2,0.489321881345262,4.0,4.0,0
404500,80.06985866666666,0.018542758595562925,1.2489094106722873,100.0,0.0,200.1,0.09999999999999432,70.7,-0.010678118654738,4.0,4.0,0,80.037742,0.016714256758825683,1.2494105593333706,100.59999999999998,0.5999999999999801,201.30000000000004,1.3000000000000398,71.2,0.489321881345262,4.666666666666667,5.0,0
405000,80.051124,0.016058000000001016,1.2492016976551135,100.06666666666666,0.06666666666666288,200.1,0.09999999999999432,70.73333333333333,0.02265521467859344,4.0,4.0,0,79.98153766666667,0.01671409663527685,1.2502885405474804,100.59999999999998,0.5999999999999801,201.30000000000004,1.3000000000000398,71.2,0.489321881345262,4.333333333333333,5.0,0
405500,80.00562533333333,0.009271090622647598,1.2499121103467743,100.03333333333335,0.03333333333334565,200.1,0.09999999999999432,70.7,-0.010678118654738,4.333333333333333,5.0,0,79.984214,0.023178303906882622,1.2502467049310506,100.59999999999998,0.5999999999999801,201.30000000000004,1.3000000000000398,71.2,0.489321881345262,4.666666666666667,5.0,0
406000,79.978861,0.008029000000000508,1.2503303841748885,100.03333333333335,0.03333333333334565,200.1,0.09999999999999432,70.7,-0.010678118654738,4.666666666666667,5.0,0,79.92800966666665,0.004635545311319696,1.2511258620981802,100.59999999999998,0.5999999999999801,201.30000000000004,1.3000000000000398,71.2,0.489321881345262,4.0,4.0,0
406500,79.938715,0.013906635933967293,1.2509583122520795,100.0,0.0,200.1,0.09999999999999432,70.7,-0.010678118654738,4.666666666666667,5.0,0,79.90659833333333,0.016058500002594435,1.251461106914429,100.59999999999998,0.5999999999999801,201.30000000000004,1.3000000000000398,71.2,0.489321881345262,4.333333333333333,5.0,0
407000,79.895893,0.020206337149514562,1.2516287914824358,100.06666666666666,0.06666666666666288,200.0666666666667,0.0666666666666913,70.7,-0.010678118654738,4.0,4.0,0,79.858423,0.008029000000000508,1.2522160624183625,100.63333333333333,0.6333333333333258,201.30000000000004,1.3000000000000398,71.2,0.489321881345262,4.666666666666667,5.0,0
407500,79.87448166666667,0.02124330422352991,1.2519643059133885,100.0,0.0,200.1,0.09999999999999432,70.7,-0.010678118654738,4.666666666666667,5.0,0,79.82363,0.02819739590813029,1.252761870137953,100.59999999999998,0.5999999999999801,201.30000000000004,1.3000000000000398,71.2,0.489321881345262,4.333333333333333,5.0,0
408000,79.82898266666666,0.004636122661587428,1.2526778703614363,100.03333333333335,0.03333333333334565,200.1,0.09999999999999432,70.73333333333333,0.02265521467859344,4.666666666666667,5.0,0,79.79418966666667,0.016058500002594435,1.2532240808226935,100.59999999999998,0.5999999999999801,201.30000000000004,1.3000000000000398,71.2,0.489321881345262,5.0,5.0,0
408500,79.788837,0.01671425675882796,1.2533081538711988,100.0,0.0,200.0666666666667,0.0666666666666913,70.7,-0.010678118654738,5.0,5.0,0,79.75404366666667,0.008029500005188444,1.2538549194815956,100.59999999999998,0.5999999999999801,201.26666666666665,1.2666666666666515,71.2,0.489321881345262,4.666666666666667,5.0,0
409000,79.77277833333333,0.012264500084931155,1.2535604511873275,100.06666666666666,0.06666666666666288,200.1,0.09999999999999432,70.7,-0.010678118654738,5.0,5.0,0,79.72460333333333,0.018542181245295195,1.2543179372356865,100.59999999999998,0.5999999999999801,201.19999999999996,1.1999999999999602,71.13333333333333,0.4226552146785849,5.0,5.0,0
409500,79.71389766666665,0.008029500005188444,1.2544863935541346,100.0,0.0,200.1,0.09999999999999432,70.7,-0.010678118654738,4.666666666666667,5.0,0,79.67642833333333,0.0046355453113279006,1.2550763392862092,100.59999999999998,0.5999999999999801,201.26666666666665,1.2666666666666515,71.2,0.489321881345262,4.666666666666667,5.0,0
410000,79.684457,0.020206337149514562,1.2549498831371846,100.0,0.0,200.1,0.09999999999999432,70.7,-0.010678118654738,4.666666666666667,5.0,0,79.64431133333333,0.012264500084931155,1.2555824556191153,100.59999999999998,0.5999999999999801,201.26666666666665,1.2666666666666515,71.2,0.489321881345262,4.666666666666667,5.0,0
410500,79.66036966666667,0.018542758595562925,1.2553293490658293,100.06666666666666,0.06666666666666288,200.1,0.09999999999999432,70.76666666666667,0.05598854801192488,5.0,5.0,0,79.61219433333333,0.009271090622647598,1.256088980304998,100.59999999999998,0.5999999999999801,201.19999999999996,1.1999999999999602,71.1,0.3893218813452535,4.666666666666667,5.0,0
411000,79.644311,0.02020633714952209,1.2555824608740729,100.06666666666666,0.06666666666666288,200.1,0.09999999999999432,70.76666666666667,0.05598854801192488,4.666666666666667,5.0,0,79.588107,0.023178303906890827,1.2564691355204618,100.59999999999998,0.5999999999999801,201.23333333333335,1.2333333333333485,71.16666666666667,0.45598854801193056,4.666666666666667,5.0,0
411500,79.58007766666667,0.012265045631111304,1.2565959085748233,100.0,0.0,200.03333333333333,0.03333333333333144,70.7,-0.010678118654738,5.0,5.0,0,79.537255,0.008029000000000508,1.2572724567877027,100.59999999999998,0.5999999999999801,201.19999999999996,1.1999999999999602,71.1,0.3893218813452535,4.666666666666667,5.0,0
412000,79.58275400000001,0.02020633714952209,1.2565536498020662,100.06666666666666,0.06666666666666288,200.1,0.09999999999999432,70.73333333333333,0.02265521467859344,4.666666666666667,5.0,0,79.510491,0.016714256758825683,1.2576956668523152,100.59999999999998,0.5999999999999801,201.19999999999996,1.1999999999999602,71.1,0.3893218813452535,5.0,5.0,0
412500,79.52922566666666,0.027813849218210524,1.257399392006319,100.03333333333335,0.03333333333334565,200.0666666666667,0.0666666666666913,70.73333333333333,0.02265521467859344,5.0,5.0,0,79.48640366666666,0.016713696309715774,1.2580767953643863,100.59999999999998,0.5999999999999801,201.19999999999996,1.1999999999999602,71.1,0.3893218813452535,4.333333333333333,5.0,0
413000,79.48640366666666,0.012264500084931155,1.2580767953643863,100.0,0.0,200.0666666666667,0.0666666666666913,70.7,-0.010678118654738,5.0,5.0,0,79.46499233333333,0.008029500005188444,1.258415776100853,100.59999999999998,0.5999999999999801,201.26666666666665,1.2666666666666515,71.2,0.489321881345262,5.0,5.0,0
413500,79.45963933333333,0.009271090622647598,1.2585005524691577,100.03333333333335,0.03333333333334565,200.1,0.09999999999999432,70.7,-0.010678118654738,5.0,5.0,0,79.416817,0.0,1.2591791484163866,100.59999999999998,0.5999999999999801,201.26666666666665,1.2666666666666515,71.2,0.489321881345262,5.0,5.0,0
414000,79.43287566666667,0.008029500005188444,1.2589245845717776,100.06666666666666,0.06666666666666288,200.1,0.09999999999999432,70.73333333333333,0.02265521467859344,4.666666666666667,5.0,0,79.357936,0.023178303906882622,1.2601134182723706,100.59999999999998,0.5999999999999801,201.19999999999996,1.1999999999999602,71.1,0.3893218813452535,4.666666666666667,5.0,0
414500,79.395406,0.009271667972915329,1.259518718249265,100.0,0.0,200.1,0.09999999999999432,70.7,-0.010678118654738,5.0,5.0,0,79.36596533333334,0.018542758595562925,1.2599859345250157,100.59999999999998,0.5999999999999801,201.19999999999996,1.1999999999999602,71.13333333333333,0.4226552146785849,5.0,5.0,0
415000,79.33384866666667,0.018542181245295195,1.2604960137527845,100.0,0.0,200.1,0.09999999999999432,70.7,-0.010678118654738,5.0,5.0,0,79.32581933333334,0.02581019431025786,1.2606236007445712,100.59999999999998,0.5999999999999801,201.23333333333335,1.2333333333333485,71.2,0.489321881345262,5.0,5.0,0
415500,79.315114,0.016714256758825683,1.2607937498520145,100.0,0.0,200.1,0.09999999999999432,70.7,-0.010678118654738,5.0,5.0,0,79.26961533333333,0.004636122661587428,1.2615174121823878,100.59999999999998,0.5999999999999801,201.19999999999996,1.1999999999999602,71.1,0.3893218813452535,5.0,5.0,0
416000,79.26961533333333,0.012265045631117508,1.2615174121823878,100.0,0.0,200.1,0.09999999999999432,70.7,-0.010678118654738,5.0,5.0,0,79.24285099999999,0.02020633714952209,1.2619434906500273,100.59999999999998,0.5999999999999801,201.19999999999996,1.1999999999999602,71.1,0.3893218813452535,5.0,5.0,0
416500,79.26426233333333,0.016058500002594435,1.2616026069789914,100.06666666666666,0.06666666666666288,200.1,0.09999999999999432,70.7,-0.010678118654738,5.0,5.0,0,79.20538133333334,0.0202064033745043,1.2625404778894147,100.59999999999998,0.5999999999999801,201.19999999999996,1.1999999999999602,71.1,0.3893218813452535,5.0,5.0,0
417000,79.24820433333333,0.02124330422352454,1.2618582445020532,100.09999999999998,0.0999999999999801,200.1,0.09999999999999432,70.73333333333333,0.02265521467859344,5.0,5.0,0,79.162559,0.023178303906882622,1.2632234387470975,100.59999999999998,0.5999999999999801,201.19999999999996,1.1999999999999602,71.1,0.3893218813452535,4.666666666666667,5.0,0
417500,79.17861766666665,0.012265045631111304,1.262967237202714,100.03333333333335,0.03333333333334565,200.1,0.09999999999999432,70.7,-0.010678118654738,5.0,5.0,0,79.13847133333333,0.009271090622647598,1.2636079306965302,100.59999999999998,0.5999999999999801,201.19999999999996,1.1999999999999602,71.1,0.3893218813452535,5.0,5.0,0
418000,79.159883,0.013906635933967293,1.263266142017921,100.03333333333335,0.03333333333334565,200.1,0.09999999999999432,70.73333333333333,0.02265521467859344,4.666666666666667,5.0,0,79.10367833333333,0.008029500005188444,1.264163716617729,100.59999999999998,0.5999999999999801,201.19999999999996,1.1999999999999602,71.1,0.3893218813452535,5.0,5.0,0
418500,79.11170733333334,0.02124330422352991,1.2640354173959973,100.0,0.0,200.0,0.0,70.7,-0.010678118654738,5.0,5.0,0,79.05550333333333,0.016058500002594435,1.2649340752199794,100.59999999999998,0.5999999999999801,201.19999999999996,1.1999999999999602,71.1,0.3893218813452535,5.0,5.0,0
419000,79.079591,0.008029000000000508,1.264548775928798,100.0,0.0,200.0,0.0,70.7,-0.010678118654738,4.666666666666667,5.0,0,79.03141566666666,0.01390721328424323,1.265319609378797,100.59999999999998,0.5999999999999801,201.19999999999996,1.1999999999999602,71.1,0.3893218813452535,5.0,5.0,0
419500,79.04479733333334,0.0202064033745043,1.2651054006539886,100.0,0.0,200.0666666666667,0.0666666666666913,70.7,-0.010678118654738,5.0,5.0,0,79.02070966666666,0.0046355453113279006,1.2654910392709753,100.59999999999998,0.5999999999999801,201.19999999999996,1.1999999999999602,71.1,0.3893218813452535,5.0,5.0,0
420000,79.00732766666665,0.02124330422352991,1.2657053839601031,100.03333333333335,0.03333333333334565,200.1,0.09999999999999432,70.7,-0.010678118654738,5.0,5.0,0,78.95112366666666,0.008029500005188444,1.2666064187028185,100.59999999999998,0.5999999999999801,201.19999999999996,1.1999999999999602,71.1,0.3893218813452535,4.666666666666667,5.0,0
420500,78.98591666666665,0.012265045631111304,1.2660484833266692,100.03333333333335,0.03333333333334565,200.1,0.09999999999999432,70.73333333333333,0.02265521467859344,4.666666666666667,5.0,0,78.91900700000001,0.008029000000000508,1.2671218734417171,100.59999999999998,0.5999999999999801,201.1,1.0999999999999943,71.1,0.3893218813452535,5.0,5.0,0
421000,78.93238866666667,0.012264500084937357,1.266907054115673,100.0,0.0,200.0666666666667,0.0666666666666913,70.7,-0.010678118654738,5.0,5.0,0,78.894919,0.008029000000000508,1.267508747933438,100.59999999999998,0.5999999999999801,201.16666666666666,1.1666666666666572,71.1,0.3893218813452535,5.0,5.0,0
421500,78.894919,0.013906635933967293,1.267508747933438,100.0,0.0,200.1,0.09999999999999432,70.7,-0.010678118654738,5.0,5.0,0,78.84942033333333,0.004635545311319696,1.2682401414906197,100.59999999999998,0.5999999999999801,201.1,1.0999999999999943,71.1,0.3893218813452535,5.0,5.0,0
422000,78.860126,0.012264936526534327,1.2680679713851841,100.0,0.0,200.1,0.09999999999999432,70.7,-0.010678118654738,5.0,5.0,0,78.81997966666667,0.004635545311319696,1.2687138517785035,100.59999999999998,0.5999999999999801,201.1,1.0999999999999943,71.1,0.3893218813452535,5.0,5.0,0
422500,78.83068533333334,0.027813849218210524,1.2685415530405808,100.06666666666666,0.06666666666666288,200.13333333333333,0.13333333333332575,70.73333333333333,0.02265521467859344,4.666666666666667,5.0,0,78.76109933333333,0.0046355453113279006,1.2696623186629128,100.56666666666666,0.5666666666666629,201.1,1.0999999999999943,71.1,0.3893218813452535,5.0,5.0,0
423000,78.80392166666667,0.012264500084937357,1.268972379610634,100.09999999999998,0.0999999999999801,200.13333333333333,0.13333333333332575,70.8,0.08932188134525632,5.0,5.0,0,78.739688,0.020206337149514562,1.270007572293149,100.53333333333335,0.5333333333333456,201.1,1.0999999999999943,71.1,0.3893218813452535,5.0,5.0,0
423500,78.76377566666666,0.024529982151100065,1.26961917650071,100.06666666666666,0.06666666666666288,200.1,0.09999999999999432,70.76666666666667,0.05598854801192488,5.0,5.0,0,78.712924,0.01671425675882796,1.2704394007774378,100.5,0.5,201.1,1.0999999999999943,71.1,0.3893218813452535,5.0,5.0,0
424000,78.72898266666667,0.02020640337450524,1.2701802641524458,100.09999999999998,0.0999999999999801,200.13333333333333,0.13333333333332575,70.8,0.08932188134525632,5.0,5.0,0,78.68883633333333,0.004635545311319696,1.2708282986469717,100.5,0.5,201.1,1.0999999999999943,71.1,0.3893218813452535,5.0,5.0,0
424500,78.67545433333333,0.016714096635274574,1.2710444553179001,100.03333333333335,0.03333333333334565,200.1,0.09999999999999432,70.73333333333333,0.02265521467859344,5.0,5.0,0,78.65404333333333,0.04883997994812752,1.2713904557481321,100.53333333333335,0.5333333333333456,201.1,1.0999999999999943,71.1,0.3893218813452535,4.666666666666667,5.0,0
425000,78.66207233333334,0.008029500005188444,1.2712606855340198,100.09999999999998,0.0999999999999801,200.19999999999996,0.1999999999999602,70.8,0.08932188134525632,5.0,5.0,0,78.59783900000001,0.013906635933967293,1.2722996111890557,100.5,0.5,201.1,1.0999999999999943,71.1,0.3893218813452535,5.0,5.0,0
425500,78.61657333333333,0.009271090622647598,1.2719964221284639,100.09999999999998,0.0999999999999801,200.19999999999996,0.1999999999999602,70.8,0.08932188134525632,4.666666666666667,5.0,0,78.565722,0.01605799999999391,1.272819716466171,100.5,0.5,201.0666666666667,1.0666666666666913,71.1,0.3893218813452535,4.666666666666667,5.0,0
426000,78.58713333333333,0.012265045631111304,1.2724729323799402,100.09999999999998,0.0999999999999801,200.19999999999996,0.1999999999999602,70.8,0.08932188134525632,5.0,5.0,0,78.52022333333333,0.012264500084931155,1.2735572538488704,100.5,0.5,201.0,1.0,71.1,0.3893218813452535,5.0,5.0,0
426500,78.53092866666667,0.004635545311319696,1.273383642570448,100.09999999999998,0.0999999999999801,200.16666666666666,0.1666666666666572,70.8,0.08932188134525632,5.0,5.0,0,78.49345933333333,0.016058500002594435,1.2739915000476176,100.5,0.5,201.0,1.0,71.1,0.3893218813452535,5.0,5.0,0
427000,78.48810666666667,0.025810194310252704,1.2740783826611182,100.06666666666666,0.06666666666666288,200.1,0.09999999999999432,70.76666666666667,0.05598854801192488,5.0,5.0,0,78.445284,0.016058000000001016,1.2747738920799878,100.5,0.5,201.0,1.0,71.1,0.3893218813452535,5.0,5.0,0
427500,78.46937166666667,0.008029500005188444,1.2743825759787422,100.09999999999998,0.0999999999999801,200.19999999999996,0.1999999999999602,70.8,0.08932188134525632,5.0,5.0,0,78.426549,0.02452954571532071,1.2750784176414547,100.5,0.5,201.0,1.0,71.1,0.3893218813452535,5.0,5.0,0
428000,78.43993133333333,0.0046355453113279006,1.274860881443743,100.09999999999998,0.0999999999999801,200.19999999999996,0.1999999999999602,70.8,0.08932188134525632,5.0,5.0,0,78.391756,0.01671425675882796,1.2756443419892265,100.5,0.5,201.0,1.0,71.1,0.3893218813452535,5.0,5.0,0
428500,78.397109,0.008028999999993403,1.275557240254867,100.09999999999998,0.0999999999999801,200.19999999999996,0.1999999999999602,70.8,0.08932188134525632,5.0,5.0,0,78.35428633333333,0.024529436608559836,1.2762543656460845,100.5,0.5,201.0,1.0,71.1,0.3893218813452535,5.0,5.0,0
429000,78.37837400000001,0.01226493652654053,1.275862140237816,100.09999999999998,0.0999999999999801,200.23333333333335,0.2333333333333485,70.8,0.08932188134525632,5.0,5.0,0,78.31949333333334,0.012264500084931155,1.2768213345608976,100.5,0.5,201.0,1.0,71.1,0.3893218813452535,5.0,5.0,0
429500,78.34090433333334,0.008029500005188444,1.276472372268122,100.09999999999998,0.0999999999999801,200.19999999999996,0.1999999999999602,70.8,0.08932188134525632,5.0,5.0,0,78.26864133333333,0.01390721328424323,1.2776508994721956,100.5,0.5,201.0,1.0,71.1,0.3893218813452535,5.0,5.0,0
430000,78.2847,0.0289499419170435,1.2773888128842545,100.09999999999998,0.0999999999999801,200.16666666666666,0.1666666666666572,70.8,0.08932188134525632,5.0,5.0,0,78.24723033333333,0.030398227881464745,1.2780005065227207,100.5,0.5,201.0,1.0,71.06666666666666,0.35598854801192203,5.0,5.0,0
430500,78.27399466666667,0.009271090622647598,1.2775635180733333,100.09999999999998,0.0999999999999801,200.30000000000004,0.3000000000000398,70.8,0.08932188134525632,5.0,5.0,0,78.21779,0.009271667972923534,1.278481532142496,100.5,0.5,201.0,1.0,71.1,0.3893218813452535,5.0,5.0,0
431000,78.22581933333333,0.02020640337450524,1.2783503049534481,100.09999999999998,0.0999999999999801,200.30000000000004,0.3000000000000398,70.8,0.08932188134525632,5.0,5.0,0,78.18834966666667,0.008029500005188444,1.2789629200043353,100.5,0.5,201.0,1.0,71.1,0.3893218813452535,5.0,5.0,0
431500,78.177644,0.020206337149514562,1.2791380615153867,100.09999999999998,0.0999999999999801,200.30000000000004,0.3000000000000398,70.8,0.08932188134525632,5.0,5.0,0,78.124116,0.0,1.280014483619885,100.5,0.5,200.9333333333333,0.9333333333333087,71.03333333333333,0.3226552146785906,5.0,5.0,0
432000,78.132145,0.008029000000000508,1.279882947025197,100.09999999999998,0.0999999999999801,200.19999999999996,0.1999999999999602,70.8,0.08932188134525632,5.0,5.0,0,78.10002833333333,0.02124330422352991,1.2804092666035525,100.5,0.5,200.9,0.9000000000000057,71.0,0.28932188134525916,5.0,5.0,0
432500,78.12143966666666,0.012264500084931155,1.280058335159799,100.09999999999998,0.0999999999999801,200.30000000000004,0.3000000000000398,70.8,0.08932188134525632,5.0,5.0,0,78.070588,0.012264936526532776,1.280892107537348,100.5,0.5,200.96666666666667,0.9666666666666686,71.03333333333333,0.3226552146785906,5.0,5.0,0
433000,78.09199933333333,0.02408750000172296,1.2805409114082613,100.09999999999998,0.0999999999999801,200.26666666666665,0.2666666666666515,70.8,0.08932188134525632,5.0,5.0,0,78.03044166666666,0.025810194310260808,1.2815511211276198,100.5,0.5,200.96666666666667,0.9666666666666686,71.03333333333333,0.3226552146785906,5.0,5.0,0
433500,78.05988233333333,0.02124330422352454,1.2810677778500537,100.16666666666667,0.1666666666666714,200.33333333333334,0.3333333333333428,70.8,0.08932188134525632,5.0,5.0,0,77.982267,0.03244935329093761,1.2823428177588119,100.46666666666665,0.46666666666665435,200.9,0.9000000000000057,71.0,0.28932188134525916,5.0,5.0,0
434000,78.01973633333334,0.008029500005188444,1.2817269667864253,100.13333333333333,0.13333333333332575,200.30000000000004,0.3000000000000398,70.8,0.08932188134525632,5.0,5.0,0,77.963532,0.008029000000000508,1.28265097071282,100.5,0.5,200.9,0.9000000000000057,71.0,0.28932188134525916,5.0,5.0,0
434500,78.003678,0.008029000000000508,1.2819908312528545,100.2,0.20000000000000284,200.33333333333334,0.3333333333333428,70.8,0.08932188134525632,5.0,5.0,0,77.942121,0.009271667972915329,1.2830033198609003,100.5,0.5,200.9,0.9000000000000057,71.0,0.28932188134525916,5.0,5.0,0
435000,77.942121,0.009271667972915329,1.2830033198609003,100.16666666666667,0.1666666666666714,200.30000000000004,0.3000000000000398,70.8,0.08932188134525632,5.0,5.0,0,77.89126900000001,0.008029000000000508,1.2838409398619501,100.46666666666665,0.46666666666665435,200.9,0.9000000000000057,71.0,0.28932188134525916,5.0,5.0,0
435500,77.931415,0.008029000000000508,1.2831795752714101,100.2,0.20000000000000284,200.4,0.4000000000000057,70.8,0.08932188134525632,5.0,5.0,0,77.843094,0.013906635933967293,1.2846354745354804,100.40000000000002,0.4000000000000199,200.9,0.9000000000000057,71.0,0.28932188134525916,5.0,5.0,0
436000,77.87788733333333,0.028197917943236877,1.2840615407552016,100.16666666666667,0.1666666666666714,200.30000000000004,0.3000000000000398,70.8,0.08932188134525632,5.0,5.0,0,77.81097733333333,0.01605850000260154,1.2851657108946395,100.40000000000002,0.4000000000000199,200.9,0.9000000000000057,71.0,0.28932188134525916,5.0,5.0,0
436500,77.85379966666666,0.012265045631117508,1.2844588244652535,100.2,0.20000000000000284,200.4,0.4000000000000057,70.83333333333333,0.12265521467858775,5.0,5.0,0,77.79759533333333,0.012264500084931155,1.2853867728371005,100.40000000000002,0.4000000000000199,200.86666666666667,0.8666666666666742,71.0,0.28932188134525916,5.0,5.0,0
437000,77.78421333333334,0.03794470221695782,1.285607910842577,100.13333333333333,0.13333333333332575,200.30000000000004,0.3000000000000398,70.8,0.08932188134525632,5.0,5.0,0,77.74942,0.01671425675882796,1.286183228119258,100.40000000000002,0.4000000000000199,200.9,0.9000000000000057,71.0,0.28932188134525916,5.0,5.0,0
437500,77.77886033333333,0.008029500005188444,1.285696390657237,100.2,0.20000000000000284,200.4,0.4000000000000057,70.8,0.08932188134525632,5.0,5.0,0,77.70124466666665,0.032449394529538426,1.2869806710174796,100.40000000000002,0.4000000000000199,200.86666666666667,0.8666666666666742,71.0,0.28932188134525916,5.0,5.0,0
438000,77.73068533333333,0.01605850000260154,1.2864932242803333,100.2,0.20000000000000284,200.36666666666667,0.36666666666667425,70.8,0.08932188134525632,5.0,5.0,0,77.66645166666667,0.008029500005188444,1.287557212336489,100.40000000000002,0.4000000000000199,200.80000000000004,0.8000000000000398,71.0,0.28932188134525916,5.0,5.0,0
438500,77.68251,0.013906635933967293,1.2872910517438225,100.13333333333333,0.13333333333332575,200.30000000000004,0.3000000000000398,70.8,0.08932188134525632,5.0,5.0,0,77.628982,0.020206337149514562,1.2881786856357333,100.40000000000002,0.4000000000000199,200.80000000000004,0.8000000000000398,71.0,0.28932188134525916,5.0,5.0,0
439000,77.650393,0.008029000000000508,1.2878234885430653,100.2,0.20000000000000284,200.33333333333334,0.3333333333333428,70.8,0.08932188134525632,5.0,5.0,0,77.610247,0.008029000000000508,1.2884896500844791,100.40000000000002,0.4000000000000199,200.80000000000004,0.8000000000000398,71.0,0.28932188134525916,5.0,5.0,0
439500,77.62095266666667,0.012265045631111304,1.2883119385230597,100.2,0.20000000000000284,200.33333333333334,0.3333333333333428,70.8,0.08932188134525632,5.0,5.0,0,77.55404266666666,0.024087500001730065,1.289423433795809,100.40000000000002,0.4000000000000199,200.80000000000004,0.8000000000000398,71.0,0.28932188134525916,5.0,5.0,0
440000,77.58080666666666,0.012265045631117508,1.288978605619036,100.2,0.20000000000000284,200.33333333333334,0.3333333333333428,70.8,0.08932188134525632,5.0,5.0,0,77.53798433333333,0.008029500005188444,1.2896904769938715,100.40000000000002,0.4000000000000199,200.80000000000004,0.8000000000000398,71.0,0.28932188134525916,5.0,5.0,0
440500,77.55939533333333,0.02020640337451183,1.2893344458169362,100.2,0.20000000000000284,200.36666666666667,0.36666666666667425,70.8,0.08932188134525632,5.0,5.0,0,77.48178,0.013906635933975498,1.2906260026550758,100.40000000000002,0.4000000000000199,200.80000000000004,0.8000000000000398,71.0,0.28932188134525916,5.0,5.0,0
441000,77.52192566666666,0.02124330422352454,1.2899576363722682,100.2,0.20000000000000284,200.36666666666667,0.36666666666667425,70.83333333333333,0.12265521467858775,5.0,5.0,0,77.44966333333333,0.02124330422352454,1.2911611967841994,100.40000000000002,0.4000000000000199,200.80000000000004,0.8000000000000398,71.0,0.28932188134525916,5.0,5.0,0
441500,77.48445633333334,0.004635545311319696,1.2905814240962883,100.2,0.20000000000000284,200.4,0.4000000000000057,70.8,0.08932188134525632,5.0,5.0,0,77.42557533333333,0.02124330422352991,1.291562892099659,100.40000000000002,0.4000000000000199,200.73333333333335,0.7333333333333485,71.0,0.28932188134525916,5.0,5.0,0
442000,77.455016,0.009271667972915329,1.291071968792828,100.2,0.20000000000000284,200.4,0.4000000000000057,70.9,0.18932188134526484,5.0,5.0,0,77.37740033333334,0.02124330422352991,1.2923670163279068,100.40000000000002,0.4000000000000199,200.73333333333335,0.7333333333333485,71.0,0.28932188134525916,5.0,5.0,0
442500,77.42289933333333,0.028197443365198693,1.2916075329272307,100.2,0.20000000000000284,200.4333333333333,0.4333333333333087,70.9,0.18932188134526484,5.0,5.0,0,77.34528333333333,0.013907213284235026,1.2929036612230396,100.36666666666667,0.36666666666667425,200.69999999999996,0.6999999999999602,71.0,0.28932188134525916,5.0,5.0,0
443000,77.38007699999999,0.01671425675882796,1.2923223118529594,100.2,0.20000000000000284,200.4,0.4000000000000057,70.86666666666667,0.1559885480119334,5.0,5.0,0,77.326549,0.023178303906882622,1.2932169001877996,100.33333333333333,0.3333333333333286,200.69999999999996,0.6999999999999602,71.0,0.28932188134525916,5.0,5.0,0
443500,77.35331266666667,0.02124330422352991,1.2927694568288646,100.2,0.20000000000000284,200.46666666666667,0.46666666666666856,70.9,0.18932188134526484,5.0,5.0,0,77.28105000000001,0.013906635933967293,1.2939782779866473,100.40000000000002,0.4000000000000199,200.69999999999996,0.6999999999999602,71.0,0.28932188134525916,5.0,5.0,0
444000,77.302461,0.01671425675882796,1.2936198758277568,100.2,0.20000000000000284,200.4,0.4000000000000057,70.9,0.18932188134526484,5.0,5.0,0,77.24893333333334,0.021243115245496928,1.2945162565351493,100.3,0.29999999999999716,200.69999999999996,0.6999999999999602,70.96666666666667,0.2559885480119277,5.0,5.0,0
444500,77.27569733333333,0.009271090622639392,1.29406790816321,100.2,0.20000000000000284,200.4,0.4000000000000057,70.9,0.18932188134526484,5.0,5.0,0,77.20343433333333,0.028197917943236877,1.2952791655386764,100.3,0.29999999999999716,200.69999999999996,0.6999999999999602,70.9,0.18932188134526484,5.0,5.0,0
445000,77.23287499999999,0.03211700000000661,1.2947854135949233,100.2,0.20000000000000284,200.36666666666667,0.36666666666667425,70.8,0.08932188134525632,5.0,5.0,0,77.17131766666667,0.012265045631119059,1.2958182265584657,100.3,0.29999999999999716,200.69999999999996,0.6999999999999602,70.9,0.18932188134526484,5.0,5.0,0
445500,77.20075800000001,0.013906635933967293,1.295324069227403,100.2,0.20000000000000284,200.4,0.4000000000000057,70.9,0.18932188134526484,5.0,5.0,0,77.12314199999999,0.023178303906882622,1.2966276711081093,100.3,0.29999999999999716,200.66666666666666,0.6666666666666572,70.9,0.18932188134526484,5.0,5.0,0
446000,77.16596466666667,0.012264500084929604,1.2959081174189861,100.2,0.20000000000000284,200.4,0.4000000000000057,70.9,0.18932188134526484,5.0,5.0,0,77.10440766666666,0.02124330422352454,1.2969427173646706,100.3,0.29999999999999716,200.6,0.5999999999999943,70.9,0.18932188134526484,5.0,5.0,0
446500,77.12849533333333,0.03499817315707965,1.296537674796076,100.2,0.20000000000000284,200.46666666666667,0.46666666666666856,70.9,0.18932188134526484,5.0,5.0,0,77.05890866666667,0.012265045631119059,1.2977084899108744,100.3,0.29999999999999716,200.6,0.5999999999999943,70.9,0.18932188134526484,5.0,5.0,0
447000,77.08567266666667,0.012264500084929604,1.297257927973455,100.2,0.20000000000000284,200.4,0.4000000000000057,70.9,0.18932188134526484,5.0,5.0,0,77.032145,0.008028999999993403,1.298159359316815,100.3,0.29999999999999716,200.6,0.5999999999999943,70.9,0.18932188134526484,5.0,5.0,0
447500,77.06158533333333,0.012265045631117508,1.297663415143168,100.2,0.20000000000000284,200.46666666666667,0.46666666666666856,70.9,0.18932188134526484,5.0,5.0,0,76.96255833333333,0.0046355453113279006,1.299333106455336,100.3,0.29999999999999716,200.6,0.5999999999999943,70.9,0.18932188134526484,5.0,5.0,0
448000,77.01073366666667,0.012265045631119059,1.29852028722178,100.2,0.20000000000000284,200.4,0.4000000000000057,70.86666666666667,0.1559885480119334,5.0,5.0,0,76.954529,0.023178303906890827,1.2994686771456947,100.3,0.29999999999999716,200.6,0.5999999999999943,70.9,0.18932188134526484,5.0,5.0,0
448500,76.99199866666667,0.016058500002594435,1.298836265219525,100.2,0.20000000000000284,200.5,0.5,70.9,0.18932188134526484,5.0,5.0,0,76.92241233333333,0.004635545311319696,1.3000112316637047,100.3,0.29999999999999716,200.6,0.5999999999999943,70.9,0.18932188134526484,5.0,5.0,0
449000,76.943824,0.0,1.2996494689424325,100.2,0.20000000000000284,200.46666666666667,0.46666666666666856,70.9,0.18932188134526484,5.0,5.0,0,76.88494266666667,0.0046355453113279006,1.300644788584265,100.3,0.29999999999999716,200.6,0.5999999999999943,70.9,0.18932188134526484,5.0,5.0,0
449500,76.93579433333333,0.008029500005195549,1.2997851112934287,100.3,0.29999999999999716,200.5,0.5,70.9,0.18932188134526484,5.0,5.0,0,76.839444,0.016058000000001016,1.3014149347566857,100.3,0.29999999999999716,200.5,0.5,70.9,0.18932188134526484,5.0,5.0,0
450000,76.87423733333334,0.012264500084931155,1.30082591345123,100.2,0.20000000000000284,200.46666666666667,0.46666666666666856,70.9,0.18932188134526484,5.0,5.0,0,76.79662166666667,0.033428353389500245,1.3021406128260025,100.3,0.29999999999999716,200.5,0.5,70.9,0.18932188134526484,5.0,5.0,0
450500,76.85817866666666,0.018542758595562925,1.3010977066435472,100.23333333333333,0.23333333333333428,200.5,0.5,70.9,0.18932188134526484,5.0,5.0,0,76.76182833333333,0.009271090622639392,1.3027308256097863,100.23333333333333,0.23333333333333428,200.5,0.5,70.9,0.18932188134526484,5.0,5.0,0
451000,76.81000366666667,0.028197443365191276,1.3019137511563108,100.2,0.20000000000000284,200.5,0.5,70.9,0.18932188134526484,5.0,5.0,0,76.743094,0.0,1.3030488450205044,100.23333333333333,0.23333333333333428,200.5,0.5,70.9,0.18932188134526484,5.0,5.0,0
451500,76.77253366666666,0.0046355453113279006,1.3025491699177607,100.2,0.20000000000000284,200.5,0.5,70.9,0.18932188134526484,5.0,5.0,0,76.69224200000001,0.01671425675882796,1.3039128520978691,100.2,0.20000000000000284,200.5,0.5,70.9,0.18932188134526484,5.0,5.0,0
452000,76.74844633333333,0.016714096635274574,1.3029579721481355,100.26666666666667,0.2666666666666657,200.5,0.5,70.9,0.18932188134526484,5.0,5.0,0,76.64941933333333,0.009271090622647598,1.3046413250062543,100.2,0.20000000000000284,200.5,0.5,70.9,0.18932188134526484,5.0,5.0,0
452500,76.70830033333333,0.012265045631111304,1.3036398872801689,100.2,0.20000000000000284,200.5,0.5,70.9,0.18932188134526484,5.0,5.0,0,76.62265566666667,0.008029500005188444,1.3050970255459735,100.2,0.20000000000000284,200.4,0.4000000000000057,70.9,0.18932188134526484,5.0,5.0,0
453000,76.665478,0.020206337149514562,1.3043680494628886,100.23333333333333,0.23333333333333428,200.5,0.5,70.9,0.18932188134526484,5.0,5.0,0,76.603921,0.023178303906882622,1.3054162070894517,100.2,0.20000000000000284,200.4,0.4000000000000057,70.9,0.18932188134526484,5.0,5.0,0
453500,76.638714,0.01605799999999391,1.3048235647586677,100.23333333333333,0.23333333333333428,200.5,0.5,70.9,0.18932188134526484,5.0,5.0,0,76.56377466666667,0.0046355453113279006,1.306100704091026,100.2,0.20000000000000284,200.4,0.4000000000000057,70.9,0.18932188134526484,5.0,5.0,0
454000,76.60659733333334,0.021243115245496928,1.3053706009793968,100.3,0.29999999999999716,200.5,0.5,70.9,0.18932188134526484,5.0,5.0,0,76.518276,0.016058000000001016,1.3068773269277525,100.2,0.20000000000000284,200.4,0.4000000000000057,70.9,0.18932188134526484,5.0,5.0,0
454500,76.55574566666667,0.004635545311319696,1.3062376850904511,100.23333333333333,0.23333333333333428,200.5,0.5,70.9,0.18932188134526484,5.0,5.0,0,76.46742433333333,0.012265045631111304,1.3077464145265902,100.2,0.20000000000000284,200.4,0.4000000000000057,70.8,0.08932188134525632,5.0,5.0,0
455000,76.52898133333333,0.0046355453113279006,1.3066945130817196,100.2,0.20000000000000284,200.5,0.5,70.9,0.18932188134526484,5.0,5.0,0,76.43530733333334,0.02581019431025786,1.3082959104736944,100.2,0.20000000000000284,200.4,0.4000000000000057,70.8,0.08932188134525632,5.0,5.0,0
455500,76.49954133333334,0.004636122661595633,1.3071973799720906,100.3,0.29999999999999716,200.5,0.5,70.9,0.18932188134526484,5.0,5.0,0,76.41122,0.016714256758833645,1.308708328436583,100.2,0.20000000000000284,200.30000000000004,0.3000000000000398,70.8,0.08932188134525632,5.0,5.0,0
456000,76.46207166666666,0.008029500005188444,1.3078379622768528,100.3,0.29999999999999716,200.5,0.5,70.9,0.18932188134526484,5.0,5.0,0,76.35501566666666,0.012264500084931155,1.3096716584612755,100.2,0.20000000000000284,200.33333333333334,0.3333333333333428,70.8,0.08932188134525632,5.0,5.0,0
456500,76.42192533333333,0.02124330422352454,1.3085250020046604,100.3,0.29999999999999716,200.53333333333333,0.5333333333333314,70.9,0.18932188134526484,5.0,5.0,0,76.325575,0.013906635933967293,1.3101768312914772,100.2,0.20000000000000284,200.30000000000004,0.3000000000000398,70.8,0.08932188134525632,5.0,5.0,0
457000,76.37910333333333,0.025810194310252704,1.3092586275015623,100.26666666666667,0.2666666666666657,200.5,0.5,70.9,0.18932188134526484,5.0,5.0,0,76.290782,0.023178303906882622,1.3107743475483056,100.2,0.20000000000000284,200.30000000000004,0.3000000000000398,70.8,0.08932188134525632,5.0,5.0,0
457500,76.33092833333333,0.018542758595562925,1.3100849443793612,100.2,0.20000000000000284,200.46666666666667,0.46666666666666856,70.9,0.18932188134526484,5.0,5.0,0,76.24260666666667,0.012264500084931155,1.311602585116231,100.2,0.20000000000000284,200.30000000000004,0.3000000000000398,70.8,0.08932188134525632,5.0,5.0,0
458000,76.31486966666667,0.01671369630970781,1.3103606208958605,100.26666666666667,0.2666666666666657,200.5,0.5,70.9,0.18932188134526484,5.0,5.0,0,76.218519,0.016714256758825683,1.31201709652742,100.09999999999998,0.0999999999999801,200.30000000000004,0.3000000000000398,70.8,0.08932188134525632,5.0,5.0,0
458500,76.26401800000001,0.01226493652654053,1.3112343490740284,100.2,0.20000000000000284,200.5,0.5,70.9,0.18932188134526484,5.0,5.0,0,76.17302066666667,0.02124330422352991,1.312800767578855,100.09999999999998,0.0999999999999801,200.30000000000004,0.3000000000000398,70.8,0.08932188134525632,5.0,5.0,0
459000,76.24260666666667,0.012264500084931155,1.311602585116231,100.2,0.20000000000000284,200.5,0.5,70.9,0.18932188134526484,5.0,5.0,0,76.15963833333333,0.01671369630970781,1.313031445374292,100.09999999999998,0.0999999999999801,200.30000000000004,0.3000000000000398,70.8,0.08932188134525632,5.0,5.0,0
459500,76.21049,0.01671425675882796,1.3121553213999806,100.3,0.29999999999999716,200.53333333333333,0.5333333333333314,70.9,0.18932188134526484,5.0,5.0,0,76.11413933333334,0.02020640337451183,1.3138163405101542,100.09999999999998,0.0999999999999801,200.19999999999996,0.1999999999999602,70.8,0.08932188134525632,5.0,5.0,0
460000,76.16766766666666,0.012265045631117508,1.312893030119171,100.26666666666667,0.2666666666666657,200.5,0.5,70.9,0.18932188134526484,5.0,5.0,0,76.07131700000001,0.020206337149514562,1.314555918625676,100.09999999999998,0.0999999999999801,200.19999999999996,0.1999999999999602,70.8,0.08932188134525632,5.0,5.0,0
460500,76.14090366666666,0.01390721328424323,1.3133545201641532,100.3,0.29999999999999716,200.5,0.5,70.9,0.18932188134526484,5.0,5.0,0,76.02581866666667,0.0046355453113279006,1.315342626410214,100.09999999999998,0.0999999999999801,200.19999999999996,0.1999999999999602,70.8,0.08932188134525632,5.0,5.0,0
461000,76.08737533333333,0.004635545311319696,1.314278479996283,100.23333333333333,0.23333333333333428,200.5,0.5,70.9,0.18932188134526484,5.0,5.0,0,76.00708333333334,0.004635545311319696,1.3156668512254888,100.09999999999998,0.0999999999999801,200.19999999999996,0.1999999999999602,70.8,0.08932188134525632,5.0,5.0,0
461500,76.05525866666666,0.012265045631117508,1.3148334744120433,100.2,0.20000000000000284,200.5,0.5,70.9,0.18932188134526484,5.0,5.0,0,75.974967,0.009271667972923534,1.3162230132985775,100.09999999999998,0.0999999999999801,200.19999999999996,0.1999999999999602,70.8,0.08932188134525632,5.0,5.0,0
462000,76.031171,0.030397875698799856,1.3152500308064439,100.3,0.29999999999999716,200.53333333333333,0.5333333333333314,70.9,0.18932188134526484,5.0,5.0,0,75.92679166666666,0.03794470221695782,1.3170581530564256,100.09999999999998,0.0999999999999801,200.19999999999996,0.1999999999999602,70.8,0.08932188134525632,5.0,5.0,0
462500,75.96961399999999,0.01226493652654053,1.3163157575079953,100.2,0.20000000000000284,200.5,0.5,70.9,0.18932188134526484,5.0,5.0,0,75.894675,0.009271667972923534,1.3176154980570112,100.09999999999998,0.0999999999999801,200.16666666666666,0.1666666666666572,70.8,0.08932188134525632,5.0,5.0,0
463000,75.93482066666667,0.012265045631119059,1.3169188933621503,100.2,0.20000000000000284,200.5,0.5,70.9,0.18932188134526484,5.0,5.0,0,75.85185266666667,0.013907213284235026,1.3183593608379365,100.09999999999998,0.0999999999999801,200.13333333333333,0.13333333333332575,70.76666666666667,0.05598854801192488,5.0,5.0,0
463500,75.92411533333335,0.013907213284235026,1.317104579499743,100.23333333333333,0.23333333333333428,200.5,0.5,70.9,0.18932188134526484,5.0,5.0,0,75.81170633333333,0.016058500002594435,1.3190575022848605,100.06666666666666,0.06666666666666288,200.1,0.09999999999999432,70.7,-0.010678118654738,5.0,5.0,0
464000,75.89467466666666,0.012265045631117508,1.3176155038440467,100.3,0.29999999999999716,200.5,0.5,70.9,0.18932188134526484,5.0,5.0,0,75.776913,0.009271667972923534,1.3196631538685142,100.0,0.0,200.1,0.09999999999999432,70.7,-0.010678118654738,5.0,5.0,0
464500,75.835794,0.024087999999999,1.3186385310345665,100.3,0.29999999999999716,200.5666666666667,0.5666666666666913,70.9,0.18932188134526484,5.0,5.0,0,75.74212,0.016714256758833645,1.3202693560729486,100.0,0.0,200.1,0.09999999999999432,70.7,-0.010678118654738,5.0,5.0,0
465000,75.79029533333333,0.012264500084929604,1.3194301402335213,100.2,0.20000000000000284,200.46666666666667,0.46666666666666856,70.9,0.18932188134526484,5.0,5.0,0,75.70465033333333,0.025810194310252704,1.3209228172865524,100.0,0.0,200.1,0.09999999999999432,70.7,-0.010678118654738,5.0,5.0,0
465500,75.77423666666667,0.012265045631119059,1.3197097641498292,100.26666666666667,0.2666666666666657,200.5,0.5,70.9,0.18932188134526484,5.0,5.0,0,75.66985733333333,0.0046355453113279006,1.3215301775909256,100.0,0.0,200.03333333333333,0.03333333333333144,70.7,-0.010678118654738,5.0,5.0,0
466000,75.715356,0.016058000000001016,1.3207360472557244,100.2,0.20000000000000284,200.5,0.5,70.9,0.18932188134526484,5.0,5.0,0,75.65112266666667,0.028949525891343825,1.3218574487072605,100.0,0.0,200.0,0.0,70.7,-0.010678118654738,5.0,5.0,0
466500,75.67253366666667,0.009271090622647598,1.3214834386343461,100.2,0.20000000000000284,200.5,0.5,70.9,0.18932188134526484,5.0,5.0,0,75.59759433333333,0.01671369630970781,1.3227934153442615,100.0,0.0,200.0,0.0,70.7,-0.010678118654738,5.0,5.0,0
467000,75.66718066666665,0.024087500001730065,1.3215769256756857,100.23333333333333,0.23333333333333428,200.46666666666667,0.46666666666666856,70.9,0.18932188134526484,5.0,5.0,0,75.562801,0.008029000000000508,1.3234025033031798,100.0,0.0,200.0,0.0,70.7,-0.010678118654738,5.0,5.0,0
467500,75.613653,0.016714256758825683,1.3225124832945183,100.2,0.20000000000000284,200.4333333333333,0.4333333333333087,70.9,0.18932188134526484,5.0,5.0,0,75.52265533333333,0.02124330422352991,1.3241059859274193,100.0,0.0,200.0,0.0,70.7,-0.010678118654738,5.0,5.0,0
468000,75.60294733333333,0.016058500002594435,1.3226997561232643,100.26666666666667,0.2666666666666657,200.53333333333333,0.5333333333333314,70.9,0.18932188134526484,5.0,5.0,0,75.48250933333334,0.021243115245496928,1.3248102227020115,100.0,0.0,199.9,-0.09999999999999432,70.7,-0.010678118654738,5.0,5.0,0
468500,75.538714,0.0,1.3238244961384966,100.2,0.20000000000000284,200.5,0.5,70.9,0.18932188134526484,5.0,5.0,0,75.447716,0.028197395908129617,1.3254211698071814,100.0,0.0,199.9333333333333,-0.0666666666666913,70.7,-0.010678118654738,5.0,5.0,0
469000,75.51997866666666,0.012264500084931155,1.3241529164273775,100.26666666666667,0.2666666666666657,200.5,0.5,70.9,0.18932188134526484,5.0,5.0,0,75.40489333333333,0.0046355453113279006,1.3261738804926364,99.96666666666665,-0.03333333333334565,199.9,-0.09999999999999432,70.7,-0.010678118654738,5.0,5.0,0
469500,75.47715633333333,0.004635545311319696,1.3249041810526787,100.2,0.20000000000000284,200.5,0.5,70.9,0.18932188134526484,5.0,5.0,0,75.362071,0.008028999999993403,1.3269274407281084,99.90000000000002,-0.0999999999999801,199.9,-0.09999999999999432,70.7,-0.010678118654738,5.0,5.0,0
470000,75.43165766666668,0.012264500084931155,1.3257033332331247,100.2,0.20000000000000284,200.5,0.5,70.9,0.18932188134526484,5.0,5.0,0,75.34601300000001,0.008029000000000508,1.3272102400428272,99.90000000000002,-0.0999999999999801,199.9,-0.09999999999999432,70.7,-0.010678118654738,5.0,5.0,0
470500,75.402217,0.008029000000000508,1.3262209518322254,100.2,0.20000000000000284,200.5,0.5,70.9,0.18932188134526484,5.0,5.0,0,75.28980833333334,0.02124330422352454,1.3282010170256553,99.90000000000002,-0.0999999999999801,199.83333333333334,-0.1666666666666572,70.66666666666667,-0.04401145198806944,5.0,5.0,0
471000,75.37010033333333,0.01390721328424323,1.3267860803917997,100.2,0.20000000000000284,200.5,0.5,70.9,0.18932188134526484,5.0,5.0,0,75.26839733333334,0.009271090622647598,1.3285788397637905,99.90000000000002,-0.0999999999999801,199.80000000000004,-0.1999999999999602,70.6,-0.11067811865474653,5.0,5.0,0
471500,75.313896,0.008028999999993403,1.3277762180833137,100.2,0.20000000000000284,200.4,0.4000000000000057,70.9,0.18932188134526484,5.0,5.0,0,75.21486900000001,0.009271667972923534,1.3295243524255822,99.90000000000002,-0.0999999999999801,199.80000000000004,-0.1999999999999602,70.6,-0.11067811865474653,5.0,5.0,0
472000,75.27642666666667,0.025810194310260808,1.3284371273733857,100.2,0.20000000000000284,200.4333333333333,0.4333333333333087,70.9,0.18932188134526484,5.0,5.0,0,75.17739966666666,0.028949525891335943,1.3301870035861267,99.90000000000002,-0.0999999999999801,199.80000000000004,-0.1999999999999602,70.6,-0.11067811865474653,5.0,5.0,0
472500,75.25501533333333,0.004636122661595633,1.3288150903572558,100.2,0.20000000000000284,200.46666666666667,0.46666666666666856,70.9,0.18932188134526484,5.0,5.0,0,75.153312,0.008028999999993403,1.3306133467544319,99.90000000000002,-0.0999999999999801,199.76666666666665,-0.2333333333333485,70.6,-0.11067811865474653,5.0,5.0,0
473000,75.21219266666667,0.02020640337450524,1.3295716619137878,100.2,0.20000000000000284,200.4,0.4000000000000057,70.9,0.18932188134526484,5.0,5.0,0,75.10246033333333,0.028197443365191276,1.3315143013446151,99.90000000000002,-0.0999999999999801,199.73333333333335,-0.2666666666666515,70.6,-0.11067811865474653,5.0,5.0,0
473500,75.17472333333333,0.012265045631119059,1.3302343602461768,100.2,0.20000000000000284,200.4,0.4000000000000057,70.9,0.18932188134526484,5.0,5.0,0,75.06766733333333,0.009271090622647598,1.3321314429014584,99.86666666666667,-0.13333333333332575,199.69999999999996,-0.3000000000000398,70.6,-0.11067811865474653,5.0,5.0,0
474000,75.13190066666665,0.028197443365191276,1.3309925492723018,100.2,0.20000000000000284,200.4333333333333,0.4333333333333087,70.9,0.18932188134526484,5.0,5.0,0,75.04090333333333,0.016058500002594435,1.3326065593293541,99.83333333333333,-0.1666666666666714,199.69999999999996,-0.3000000000000398,70.6,-0.11067811865474653,5.0,5.0,0
474500,75.099784,0.009271667972915329,1.3315617525610992,100.2,0.20000000000000284,200.4,0.4000000000000057,70.9,0.18932188134526484,5.0,5.0,0,74.998081,0.02020633714952115,1.3333674497618146,99.86666666666667,-0.13333333333332575,199.69999999999996,-0.3000000000000398,70.6,-0.11067811865474653,5.0,5.0,0
475000,75.06499066666667,0.034998746696609004,1.3321789440307752,100.23333333333333,0.23333333333333428,200.46666666666667,0.46666666666666856,70.9,0.18932188134526484,5.0,5.0,0,74.94990566666667,0.012264500084931155,1.334224494487578,99.8,-0.20000000000000284,199.63333333333333,-0.36666666666667425,70.6,-0.11067811865474653,5.0,5.0,0
475500,75.02752133333333,0.012264500084931155,1.3328442446568185,100.2,0.20000000000000284,200.4333333333333,0.4333333333333087,70.9,0.18932188134526484,5.0,5.0,0,74.92849433333333,0.024087500001730065,1.334605758326484,99.8,-0.20000000000000284,199.6,-0.4000000000000057,70.6,-0.11067811865474653,5.0,5.0,0
476000,74.98469866666666,0.01390721328424323,1.3336054125460335,100.2,0.20000000000000284,200.4,0.4000000000000057,70.9,0.18932188134526484,5.0,5.0,0,74.89102466666667,0.012265045631119059,1.3352734916512514,99.8,-0.20000000000000284,199.63333333333333,-0.36666666666667425,70.6,-0.11067811865474653,5.0,5.0,0
476500,74.96061133333333,0.027814426568478254,1.3340339442446916,100.2,0.20000000000000284,200.4333333333333,0.4333333333333087,70.9,0.18932188134526484,5.0,5.0,0,74.82946766666667,0.004635545311319696,1.3363719283084747,99.8,-0.20000000000000284,199.6,-0.4000000000000057,70.6,-0.11067811865474653,5.333333333333333,6.0,0
477000,74.91511233333334,0.02452998215110627,1.3348441574118175,100.2,0.20000000000000284,200.36666666666667,0.36666666666667425,70.83333333333333,0.12265521467858775,5.0,5.0,0,74.80002733333333,0.016058500002594435,1.3368979071941693,99.8,-0.20000000000000284,199.6,-0.4000000000000057,70.6,-0.11067811865474653,5.0,5.0,0
477500,74.88834833333334,0.016058500002594435,1.3353212111835198,100.2,0.20000000000000284,200.4333333333333,0.4333333333333087,70.86666666666667,0.1559885480119334,5.0,5.0,0,74.77593966666667,0.008029500005188444,1.3373285637837007,99.8,-0.20000000000000284,199.53333333333333,-0.46666666666666856,70.56666666666666,-0.14401145198807797,5.0,5.0,0
478000,74.832144,0.008028999999993403,1.3363241336503735,100.2,0.20000000000000284,200.36666666666667,0.36666666666667425,70.8,0.08932188134525632,5.0,5.0,0,74.72776433333333,0.016058500002594435,1.3381907098670374,99.76666666666667,-0.23333333333333428,199.5,-0.5,70.5,-0.21067811865474084,5.0,5.0,0
478500,74.81073266666667,0.012265045631119059,1.3367065985781594,100.2,0.20000000000000284,200.4,0.4000000000000057,70.8,0.08932188134525632,5.0,5.0,0,74.70100066666667,0.009271090622647598,1.3386701531111127,99.7,-0.29999999999999716,199.5,-0.5,70.5,-0.21067811865474084,5.0,5.0,0
479000,74.773263,0.009271667972915329,1.337376436280439,100.2,0.20000000000000284,200.4,0.4000000000000057,70.8,0.08932188134525632,5.0,5.0,0,74.65550166666667,0.008029500005195549,1.339486009303043,99.7,-0.29999999999999716,199.5,-0.5,70.5,-0.21067811865474084,5.333333333333333,6.0,0
479500,74.74649933333333,0.012264500084929604,1.3378552961262873,100.2,0.20000000000000284,200.4,0.4000000000000057,70.83333333333333,0.12265521467858775,5.0,5.0,0,74.631414,0.013906635933967293,1.3399183351932737,99.7,-0.29999999999999716,199.5,-0.5,70.5,-0.21067811865474084,5.0,5.0,0
480000,74.725088,0.02020633714952115,1.3382386381398441,100.2,0.20000000000000284,200.4,0.4000000000000057,70.83333333333333,0.12265521467858775,5.0,5.0,0,74.61000266666667,0.03708551719113406,1.340302860552996,99.73333333333333,-0.2666666666666657,199.5,-0.5,70.5,-0.21067811865474084,5.333333333333333,6.0,0
480500,74.66620733333333,0.012264500084937357,1.3392939533351236,100.2,0.20000000000000284,200.4,0.4000000000000057,70.83333333333333,0.12265521467858775,5.0,5.0,0,74.55647499999999,0.020206337149514562,1.3412651282132104,99.7,-0.29999999999999716,199.46666666666667,-0.5333333333333314,70.5,-0.21067811865474084,5.0,5.0,0
481000,74.62873733333333,0.018542758595562925,1.3399663932855321,100.2,0.20000000000000284,200.4,0.4000000000000057,70.83333333333333,0.12265521467858775,5.333333333333333,6.0,0,74.524358,0.01226493652654053,1.341843159521079,99.7,-0.29999999999999716,199.4333333333333,-0.5666666666666913,70.5,-0.21067811865474084,5.0,5.0,0
481500,74.58056233333333,0.01671409663528254,1.3408319389314338,100.2,0.20000000000000284,200.4,0.4000000000000057,70.83333333333333,0.12265521467858775,5.0,5.0,0,74.47350633333333,0.009271090622647598,1.3427593908686606,99.7,-0.29999999999999716,199.4,-0.5999999999999943,70.5,-0.21067811865474084,5.0,5.0,0
482000,74.564504,0.028197395908129617,1.341120702687166,100.2,0.20000000000000284,200.4,0.4000000000000057,70.8,0.08932188134525632,5.0,5.0,0,74.45477133333334,0.01390721328424323,1.3430972684383236,99.7,-0.29999999999999716,199.4,-0.5999999999999943,70.5,-0.21067811865474084,5.666666666666667,6.0,0
482500,74.51365233333333,0.0046355453113279006,1.3420359473543815,100.2,0.20000000000000284,200.30000000000004,0.3000000000000398,70.8,0.08932188134525632,5.0,5.0,0,74.40124366666667,0.018542758595562925,1.344063554206448,99.7,-0.29999999999999716,199.33333333333334,-0.6666666666666572,70.5,-0.21067811865474084,5.0,5.0,0
483000,74.48421166666667,0.004635545311319696,1.3425664011525307,100.2,0.20000000000000284,200.36666666666667,0.36666666666667425,70.8,0.08932188134525632,5.333333333333333,6.0,0,74.36645066666667,0.02124330422352454,1.344692386197518,99.7,-0.29999999999999716,199.30000000000004,-0.6999999999999602,70.5,-0.21067811865474084,5.333333333333333,6.0,0
483500,74.44138933333333,0.009271090622647598,1.3433387111062696,100.2,0.20000000000000284,200.33333333333334,0.3333333333333428,70.8,0.08932188134525632,5.0,5.0,0,74.34236299999999,0.008029000000000508,1.3451280799347205,99.7,-0.29999999999999716,199.30000000000004,-0.6999999999999602,70.5,-0.21067811865474084,5.333333333333333,6.0,0
484000,74.40392,0.02020633714952115,1.3440152078008794,100.16666666666667,0.1666666666666714,200.36666666666667,0.36666666666667425,70.8,0.08932188134525632,5.0,5.0,0,74.28080566666667,0.012265045631117508,1.3462428025989326,99.63333333333333,-0.36666666666667425,199.30000000000004,-0.6999999999999602,70.46666666666667,-0.24401145198807228,5.0,5.0,0
484500,74.37715566666667,0.018542758595562925,1.3444988465029004,100.2,0.20000000000000284,200.30000000000004,0.3000000000000398,70.8,0.08932188134525632,5.0,5.0,0,74.2701,0.008029000000000508,1.346436856823944,99.59999999999998,-0.4000000000000199,199.30000000000004,-0.6999999999999602,70.46666666666667,-0.24401145198807228,5.0,5.0,0
485000,74.33165733333334,0.012265045631117508,1.345321812906167,100.2,0.20000000000000284,200.30000000000004,0.3000000000000398,70.8,0.08932188134525632,5.0,5.0,0,74.23263033333335,0.004635545311319696,1.3471164843676042,99.59999999999998,-0.4000000000000199,199.30000000000004,-0.6999999999999602,70.5,-0.21067811865474084,5.0,5.0,0
485500,74.31024566666666,0.02124330422352454,1.3457094523488702,100.16666666666667,0.1666666666666714,200.30000000000004,0.3000000000000398,70.8,0.08932188134525632,5.0,5.0,0,74.17910266666667,0.0046355453113279006,1.348088564098205,99.59999999999998,-0.4000000000000199,199.26666666666665,-0.7333333333333485,70.4,-0.31067811865473516,5.333333333333333,6.0,0
486000,74.27277633333334,0.009271090622647598,1.3463883395337732,100.2,0.20000000000000284,200.33333333333334,0.3333333333333428,70.8,0.08932188134525632,5.0,5.0,0,74.14163266666667,0.021243115245488872,1.3487698665821126,99.59999999999998,-0.4000000000000199,199.19999999999996,-0.8000000000000398,70.4,-0.31067811865473516,5.0,5.0,0
486500,74.22192466666667,0.02408750000172296,1.347310790566313,100.16666666666667,0.1666666666666714,200.30000000000004,0.3000000000000398,70.8,0.08932188134525632,5.0,5.0,0,74.11754533333334,0.021243115245496928,1.3492082009767583,99.59999999999998,-0.4000000000000199,199.19999999999996,-0.8000000000000398,70.4,-0.31067811865473516,5.0,5.0,0
487000,74.20854266666667,0.004636122661595633,1.3475537506400654,100.2,0.20000000000000284,200.4,0.4000000000000057,70.8,0.08932188134525632,5.333333333333333,6.0,0,74.06134066666667,0.016058500002594435,1.3502321062492963,99.59999999999998,-0.4000000000000199,199.13333333333333,-0.8666666666666742,70.4,-0.31067811865473516,5.333333333333333,6.0,0
487500,74.14430933333334,0.0046355453113279006,1.3487211749512193,100.09999999999998,0.0999999999999801,200.30000000000004,0.3000000000000398,70.8,0.08932188134525632,5.333333333333333,6.0,0,74.05331133333334,0.02124330422352454,1.350378507044389,99.59999999999998,-0.4000000000000199,199.1,-0.9000000000000057,70.4,-0.31067811865473516,5.0,5.0,0
488000,74.130927,0.01671425675882796,1.348964650071083,100.2,0.20000000000000284,200.33333333333334,0.3333333333333428,70.8,0.08932188134525632,5.333333333333333,6.0,0,74.01851833333335,0.02020640337451183,1.3510132633250267,99.59999999999998,-0.4000000000000199,199.13333333333333,-0.8666666666666742,70.4,-0.31067811865473516,5.0,5.0,0
488500,74.07739933333333,0.02124330422352991,1.3499393998704003,100.09999999999998,0.0999999999999801,200.30000000000004,0.3000000000000398,70.8,0.08932188134525632,5.333333333333333,6.0,0,73.98907833333334,0.02124330422352454,1.3515508268596488,99.59999999999998,-0.4000000000000199,199.1,-0.9000000000000057,70.4,-0.31067811865473516,5.0,5.0,0
489000,74.06669333333333,0.018542758595562925,1.3501345274043106,100.2,0.20000000000000284,200.36666666666667,0.36666666666667425,70.8,0.08932188134525632,5.0,5.0,0,73.95160800000001,0.023178303906890827,1.3522356403663325,99.59999999999998,-0.4000000000000199,199.16666666666666,-0.8333333333333428,70.4,-0.31067811865473516,5.0,5.0,0
489500,74.029224,0.013906635933975498,1.3508178878114405,100.2,0.20000000000000284,200.4,0.4000000000000057,70.8,0.08932188134525632,5.666666666666667,6.0,0,73.91146233333333,0.01671369630970781,1.3529701191543195,99.56666666666666,-0.4333333333333371,199.1,-0.9000000000000057,70.4,-0.31067811865473516,5.666666666666667,6.0,0
490000,73.99710733333333,0.021243115245488872,1.3514041778624122,100.2,0.20000000000000284,200.33333333333334,0.3333333333333428,70.8,0.08932188134525632,5.0,5.0,0,73.882022,0.03342851351766161,1.3535092474864858,99.5,-0.5,199.1,-0.9000000000000057,70.4,-0.31067811865473516,5.666666666666667,6.0,0
490500,73.96499033333333,0.008029500005188444,1.3519909831575228,100.2,0.20000000000000284,200.4,0.4000000000000057,70.8,0.08932188134525632,5.666666666666667,6.0,0,73.83919933333333,0.004635545311319696,1.3542942082642122,99.5,-0.5,199.1,-0.9000000000000057,70.4,-0.31067811865473516,5.666666666666667,6.0,0
491000,73.91413899999999,0.08660141995948845,1.352921123792026,100.16666666666667,0.1666666666666714,200.36666666666667,0.36666666666667425,70.83333333333333,0.12265521467858775,5.333333333333333,6.0,0,73.80708299999999,0.0788065796935714,1.3548835143640618,99.5,-0.5,199.1,-0.9000000000000057,70.4,-0.31067811865473516,5.666666666666667,6.0,0
491500,73.87666933333334,0.06061914389311176,1.3536073147639827,100.13333333333333,0.13333333333332575,200.29999999999998,0.29999999999998295,70.8,0.08932188134525632,5.333333333333333,6.0,0,73.79905333333333,0.07460376356011321,1.3550309317427558,99.56666666666666,-0.4333333333333371,199.1,-0.9000000000000057,70.4,-0.31067811865473516,5.333333333333333,6.0,0
492000,73.841876,0.009271667972915329,1.3542451169577545,100.13333333333333,0.13333333333332575,200.30000000000004,0.3000000000000398,70.8,0.08932188134525632,5.333333333333333,6.0,0,73.71608533333334,0.028949525891343825,1.3565560290920855,99.5,-0.5,199.03333333333333,-0.9666666666666686,70.36666666666667,-0.3440114519880666,5.666666666666667,6.0,0
492500,73.82849399999999,0.013906635933967293,1.3544905846244135,100.2,0.20000000000000284,200.33333333333334,0.3333333333333428,70.8,0.08932188134525632,5.666666666666667,6.0,0,73.694674,0.01226493652654053,1.356950164404011,99.5,-0.5,199.0,-1.0,70.36666666666667,-0.3440114519880666,5.666666666666667,6.0,0
493000,73.77229,0.0,1.3555225139412101,100.13333333333333,0.13333333333332575,200.30000000000004,0.3000000000000398,70.8,0.08932188134525632,5.333333333333333,6.0,0,73.65185166666667,0.013907213284235026,1.3577391163575858,99.5,-0.5,199.0,-1.0,70.3,-0.4106781186547437,5.333333333333333,6.0,0
493500,73.73749633333334,0.012265045631117508,1.3561621288027728,100.13333333333333,0.13333333333332575,200.30000000000004,0.3000000000000398,70.8,0.08932188134525632,5.666666666666667,6.0,0,73.63846966666667,0.0202064033745043,1.357985852403804,99.5,-0.5,199.0,-1.0,70.3,-0.4106781186547437,5.333333333333333,6.0,0
494000,73.69199733333333,0.021243304223532596,1.356999452025528,100.09999999999998,0.0999999999999801,200.26666666666665,0.2666666666666515,70.8,0.08932188134525632,5.666666666666667,6.0,0,73.587618,0.0,1.3589242690258025,99.5,-0.5,198.96666666666667,-1.0333333333333314,70.3,-0.4106781186547437,5.666666666666667,6.0,0
494500,73.659881,0.008029000000000508,1.35759111530468,100.09999999999998,0.0999999999999801,200.26666666666665,0.2666666666666515,70.8,0.08932188134525632,5.333333333333333,6.0,0,73.52338433333334,0.008029500005188444,1.3601114925100495,99.43333333333334,-0.5666666666666629,198.9,-1.0999999999999943,70.3,-0.4106781186547437,5.0,5.0,0
495000,73.63311700000001,0.03244997187980615,1.3580845694743573,100.13333333333333,0.13333333333332575,200.30000000000004,0.3000000000000398,70.8,0.08932188134525632,5.666666666666667,6.0,0,73.49662033333334,0.016714096635274574,1.3606067809167877,99.40000000000002,-0.5999999999999801,198.9,-1.0999999999999943,70.3,-0.4106781186547437,5.666666666666667,6.0,0
495500,73.58494166666667,0.01671369630970781,1.3589736940064616,100.13333333333333,0.13333333333332575,200.30000000000004,0.3000000000000398,70.8,0.08932188134525632,5.333333333333333,6.0,0,73.47520933333334,0.016058500002594435,1.3610032677325523,99.40000000000002,-0.5999999999999801,198.83333333333334,-1.1666666666666572,70.3,-0.4106781186547437,5.333333333333333,6.0,0
496000,73.539443,0.0,1.3598144875804947,100.09999999999998,0.0999999999999801,200.19999999999996,0.1999999999999602,70.8,0.08932188134525632,5.666666666666667,6.0,0,73.42168133333334,0.009271090622647598,1.36199550574171,99.40000000000002,-0.5999999999999801,198.80000000000004,-1.1999999999999602,70.3,-0.4106781186547437,6.0,6.0,0
496500,73.49662033333334,0.016714096635274574,1.3606067809167877,100.09999999999998,0.0999999999999801,200.19999999999996,0.1999999999999602,70.8,0.08932188134525632,5.333333333333333,6.0,0,73.39224066666667,0.012264500084931155,1.362541858534891,99.40000000000002,-0.5999999999999801,198.80000000000004,-1.1999999999999602,70.3,-0.4106781186547437,6.0,6.0,0
497000,73.47253266666667,0.009271090622647598,1.3610528502356696,100.09999999999998,0.0999999999999801,200.19999999999996,0.1999999999999602,70.8,0.08932188134525632,5.0,5.0,0,73.338713,0.008029000000000508,1.363536335850344,99.40000000000002,-0.5999999999999801,198.80000000000004,-1.1999999999999602,70.3,-0.4106781186547437,6.0,6.0,0
497500,73.43773933333334,0.004635545311319696,1.3616976898771456,100.09999999999998,0.0999999999999801,200.19999999999996,0.1999999999999602,70.8,0.08932188134525632,5.666666666666667,6.0,0,73.31997766666667,0.004635545311319696,1.363884758048185,99.40000000000002,-0.5999999999999801,198.76666666666665,-1.2333333333333485,70.3,-0.4106781186547437,5.666666666666667,6.0,0
498000,73.40294633333333,0.024087500001730065,1.3623431346459258,100.09999999999998,0.0999999999999801,200.19999999999996,0.1999999999999602,70.8,0.08932188134525632,5.333333333333333,6.0,0,73.27715566666667,0.02020640337451183,1.3646817905281958,99.40000000000002,-0.5999999999999801,198.69999999999996,-1.3000000000000398,70.3,-0.4106781186547437,5.333333333333333,6.0,0
498500,73.36815333333334,0.025810194310260808,1.3629891915865766,100.09999999999998,0.0999999999999801,200.26666666666665,0.2666666666666515,70.8,0.08932188134525632,5.666666666666667,6.0,0,73.24236233333333,0.016058500002594435,1.3653300742115604,99.36666666666667,-0.6333333333333258,198.69999999999996,-1.3000000000000398,70.26666666666667,-0.4440114519880751,5.666666666666667,6.0,0
499000,73.35477133333335,0.11038355581486078,1.3632378396435505,100.16666666666667,0.1666666666666714,200.29999999999998,0.29999999999998295,70.83333333333333,0.12265521467858775,5.333333333333333,6.0,0,73.19151066666667,0.0967950185770608,1.3662786720638438,99.33333333333333,-0.6666666666666714,198.63333333333333,-1.3666666666666742,70.23333333333333,-0.47734478532140656,5.666666666666667,6.0,0
499500,73.30124333333333,0.08509928139728352,1.3642333397437143,100.06666666666666,0.06666666666666288,200.1,0.09999999999999432,70.76666666666667,0.05598854801192488,5.666666666666667,6.0,0,73.154041,0.10499543713419004,1.3669784831161957,99.3,-0.7000000000000028,198.5666666666667,-1.4333333333333087,70.2,-0.510678118654738,5.666666666666667,6.0,0
500000,73.20221633333334,0.13144344904685623,1.3660788567471833,100.10000000000001,0.10000000000000853,200.20000000000002,0.20000000000001705,70.76666666666667,0.05598854801192488,0.0,0.0,0,73.111219,0.06440057048660355,1.3677791366055596,99.3,-0.7000000000000028,198.6,-1.4000000000000057,70.2,-0.510678118654738,0.0,0.0,0
